date,title,link,content
2021-03-22 12:21:17,[지난해 ‘리츠’ 시장 60조 돌파… 문턱 낮아지며 개인투자↑],https://n.news.naver.com/mnews/article/021/0002464613?sid=101,"[
안정적 수익률 보장에 각광 4년새 자산 2배 이상으로 늘어  주거→물류시설로 영역 확장최근 국내외 증시 변동성이 높아지면서 임대 수익 등 안정적 수익률이 보장되는 리츠(REITs) 역시 대체투자 수단으로 각광받고 있다. 리츠는 부동산 투자를 전문으로 하는 뮤추얼펀드다. 특히 지난해 국내 증시에 상장한 리츠들이 대폭 늘어나면서 일반인의 접근성도 크게 낮아졌다. 투자대상도 주거시설, 쇼핑센터와 같은 리테일, 상업용 오피스뿐만 아니라 주유소나 물류시설 등으로 넓어졌다.22일 리츠정보시스템에 따르면, 올해 1월 기준 국내 리츠 280개의 자산 합계는 61조4000억 원으로 집계됐다. 2016년 25조 원에 그쳤던 리츠 자산 합계는 2018년 43조2000억 원으로 빠르게 늘어나며 지난해(61조3000억 원) 60조 원을 돌파했다. 이 중 상장 리츠의 수도 급증했다. 현재 국내 증시에 상장된 리츠 13개 중 절반에 가까운 6개가 지난 한 해 동안 상장했다. 그간 리츠 시장이 주로 사모 위주로 성장해오면서 자산가들이나 기관 투자자들의 전유물로 여겨졌지만, 공모를 통한 상장 리츠가 늘어나면서 진입장벽이 낮아진 셈이다. 리츠는 투자자들로부터 자금을 모아 부동산이나 부동산 관련 지분에 투자하고 발생한 임대 수익 등을 배당하는 상품으로 안정적 배당 수익이 주요한 투자 요인으로 꼽힌다. 대신증권에 따르면, 국내 대표적 상장 리츠의 배당수익률은 에이리츠(9.1%), 이리츠코크렙(6.5%), 롯데리츠(6.3%) 등 순으로 나타났다.리츠가 투자하는 기초자산의 종류도 다양해지고 있다. 특히 신종 코로나바이러스 감염증(코로나19) 사태로 온라인 거래가 폭증해 물동량이 늘어난 데다 쿠팡의 미국 증시 상장과 맞물려 물류 리츠가 주목받고 있다. 국내에서도 지난해 말 물류 리츠로는 처음으로 물류센터 11곳에 투자하는 ESR켄달스퀘어리츠가 상장했다. 미국에서는 코로나19에 따른 재택근무 증가로 서버 수요가 크게 늘면서 데이터센터 리츠도 주목받았었다. 최근에는 코로나19 백신 접종으로 경기 회복에 대한 기대감이 작용하면서 리테일 리츠도 다시 기지개를 켜는 양상이다. NH투자증권에 따르면, 지난 19일 기준 3개월간 미국 리츠의 부문별 수익률은 호텔(22.97%), 쇼핑센터(21.48%), 주거용(10.12%), 오피스(6.34%) 등으로 나타났다. 다만 최근 시장금리가 빠르게 오르고 있는 점은 리츠 투자에 부담 요인이다. 금리가 상승할 경우 리츠의 이자비용도 증가해 수익성이 악화할 가능성이 있기 때문이다. 송정은 기자 euni@munhwa.com[ 문화닷컴 | 네이버 뉴스 채널 구독 | 모바일 웹 | 슬기로운 문화생활 ][Copyrightⓒmunhwa.com '대한민국 오후를 여는 유일석간 문화일보' 무단 전재 및 재배포 금지(구독신청:02)3701-5555)]
		]"
2021-03-09 03:47:00,[LH 직원 부동산 투기에…'리츠' 투자로 박탈감 줄여볼까],https://n.news.naver.com/mnews/article/008/0004554000?sid=101,"[
			[머니투데이 김소연 기자]  



남구준 경찰청 국가수사본부장(국수본)이 8일 오전 서울 종로구 정부서울청사에서 정세균 국무총리에게 보고를 위해 입장하고 있다. 경찰청 국가수사본부는 한국토지주택공사(LH) 임직원의 신도시 투기 의혹 사건 수사를 총괄 지휘한다. 2021.3.8/뉴스1 / 사진=김휘선 기자 hwijpg@LH(한국토지주택공사) 일부 임직원들의 부동산 투기의혹이 불거지면서 '그래도 믿을 건 부동산'이라는 인식이 다시 고개를 든다. 소액으로 LH직원 못지 않은 노른자위 부동산에 투자할 수 있는 공모리츠에도 관심이 쏠린다. 8일 롯데리츠는 전일대비 65원(1.33%) 상승한 4950원에 마감했다. 장중 2% 넘게 오르며 공모가(5000원)을 회복하기도 했다. 지난 5일부터 외국인과 기관이 나란히 순매수 행진 중이다. 에이리츠,케이탑리츠는 2%대 올랐고 ESR켄달스퀘어리츠와 이리츠코크렙, 신한알파리츠는 강보합세를 나타냈다. 2019년 폭발적 인기를 얻었던 리츠는 지난해 코로나19(COVID-19) 폭락장 이후 급등장이 펼쳐지면서 찬밥 신세를 면치 못했다. 그러나 최근 증시 조정 속 투자심리가 개선되고 있다. 국내 공모리츠는 수익형 부동산에 투자해 임대료를 배당으로 나눠주는 방식이다. 리츠마다 상황은 다르지만 배당수익률은 보통 5~6% 정도다. 주가가 빠질 수록 배당수익률은 올라간다. 배당금 재투자를 통한 복리의 마법도 기대해볼 수 있다.특히 최근 자산 추가 편입에 나선 리츠들을 중심으로 재평가 기대감이 크다. 롯데리츠와 신한알파리츠다. ━롯데리츠, 물류센터에 알짜 수도권 매장까지 편입…주가는 공모가 밑━



롯데마트몰 김포물류센터/사진=캡처롯데리츠는 지난 3일 3300억원 규모의 유상증자를 진행하기로 확정했다. 1주당 발행가격은 4695원이다. 유상증자 대금으로 롯데백화점 중동/안산, 롯데마트 계양/춘천, 이천 프리미엄 아울렛, 김포 물류센터 6개 자산을 매입한다. 이를 통해 롯데리츠 편입자산은 2조3000억원으로 기존 1조5000억원에서 늘어난다. 국내 리츠 중 최대 규모다.이번 유상증자가 리츠에 대한 투심이 부진한 가운데 진행돼 주가 낙폭이 커졌지만 장기적으론 투자자에 이득이다. 잘 나가는 수도권 점포가 편입돼 임대료가 증가할 가능성이 높아졌기 때문이다. 김포 물류센터도 더해 성장성까지 확보했다. 최근 코로나19 백신 접종으로 유통주들이 재도약하는 상황이어서 롯데리츠의 재평가 역시 기대해 볼 만 하다.이경자 삼성증권 연구원은 ""지난해 롯데리츠 부진 이유는 오프라인 리테일 디레이팅과 코로나19 영향이었다""며 ""그러나 올해는 백신접종 효과와 물류센터 편입에 따른 성장성 확보 등을 고려할 때 과도했던 밸류에이션 할인율이 축소될 것""이라고 내다봤다. 그는 6개 신규 자산의 임대료가 반영되는 하반기에는 DPS(주당배당금)이 158원으로 증가해 올해 연간 배당수익률이 6.5%가 될 것이라고 예상했다. 롯데리츠는 상·하반기 연 2회 배당금을 지급한다.━신한알파리츠, 신규 자산 편입+부동산 가치 상승 호재━신한알파리츠도 재평가 기대감이 있다. 신한알파리츠는 지난 4일 자(子)리츠를 통해 삼성화재 역삼빌딩을 1583억원에 매입, 지난해 9월 신한 L타워에 이어 6번째 자산으로 편입했다. 총 자산은 1조6000억원 규모로 늘어난다. 김열매 유진투자증권 연구원은 ""신한알파리츠는 상장 후 두차례 유상증자에 성공하며 꾸준히 우량자산을 편입하고 있다""며 ""전체 공실률이 2.1%(1월말 기준)에 불과해 안정적인 배당이 지급되고 있고, 현 주가 기준 올해 배당수익률은 4.3%로 추정된다""고 밝혔다. 매입 부동산 가치도 상승세다. 김 연구원은 ""5182억원에 매입한 판교 크래프톤 타워 가치가 7000억원을 초과하는 것으로 추정된다""며 ""용산 더프라임, 대일빌딩 등도 자산가치가 상승하고 있어 목표주가를 8000원에서 8500원으로 상향한다""고 덧붙였다. 홍지환 NH투자증권 연구원은 ""지난해 11월 코로나19 백신 효과에 대한 성공적인 임상 발표 후 미국 호텔 리츠도 급등세""라며 ""리츠 투자를 통해 경기 회복기 안정적인 성과를 누려볼 수 있다""고 말했다. 김소연 기자 nicksy@▶부동산 투자는 [부릿지]▶조 변호사의 가정상담소▶줄리아 투자노트 &lt;저작권자 ⓒ '돈이 보이는 리얼타임 뉴스' 머니투데이, 무단전재 및 재배포 금지&gt;
		]"
2021-03-10 15:00:00,"[쿠팡이 불 붙인 물류리츠, 새 투자처로 떠올랐다]",https://n.news.naver.com/mnews/article/008/0004555045?sid=101,"[
			[머니투데이 구경민 기자] [[e커머스 시대..물류센터 투자에 꽂혔다]①]



(서울=뉴스1) 황기선 기자 = 쿠팡이 이르면 오는 11일 미국 뉴욕증권거래소(NYSE)에 상장한다.  미국 뉴욕증권거래소의 IPO(기업공개) 파일링 데이터 자료에 따르면 쿠팡의 최종 공모가 산정일은 오는 10일로 예정됐다.  쿠팡의 희망 공모가는 27~30달러로 상장 이후 50조원이 넘는 가치를 가질 것으로 예측된다.   사진은 9일 서울 송파구에 위치한 쿠팡 본사. 2021.3.9/뉴스1코로나19(COVID-19)로 e커머스(전자상거래) 사업이 급성장하면서 유통 물류센터 투자와 관련된 리츠(RIETs·부동산투자전문회사)에 대한 관심이 뜨겁다. 특히 경제 회복이 점쳐지면서 물류센터 임대료 상승과 높은 배당수익률로 물류 리츠에 대한 기대감도 커지고 있다. ━전자상거래 활성화·쿠팡 상장에..물류리츠 '들썩'━코로나19를 계기로 리츠에 변화가 일고 있다. 리츠는 다수의 투자자로부터 자금을 모아 부동산, 부동산 관련 증권 등에 투자하고 그 수익을 투자자에게 돌려주는 부동산 간접 투자방식이다.리츠의 주요 수입원은 임대료 수익인데, 코로나19 직격탄을 맞은 백화점·호텔 및 오피스 투자 리츠는 임대료를 받기 어려웠다. 반면 물류 수요가 늘면서 물류리츠는 안정적인 수익을 냈다. IB(투자은행) 업계 관계자는 ""리테일과 오피스에 투자한 리츠는 배당금을 지급하지 못한 곳도 있다""면서 ""소비자의 소비패턴 변화로 물류 리츠는 수요가 지속적으로 늘고 있고 외형도 성장해 안정적으로 배당을 했다""고 설명했다.특히 쿠팡의 미국 증시 상장 소식에 물류리츠가 주목받고 있다. 물류센터는 그동안 투자 규모가 크고 진입 장벽이 높아 기관투자가들 영역이었다. 실제 국내 물류센터 중 70% 이상이 해외 기관투자가 위주로 거래됐다. 하지만 지난해 말 ESR켄달스퀘어가 한국에선 처음으로 물류센터를 자산으로 하는 리츠를 코스피에 상장시키면서 개인들도 물류자산에 투자할 수 있는 길이 열렸다.현재 주식시장에는 13개의 리츠가 있는데 이 중 ESR켄달스퀘어의 수익률이 가장 높다. 절반이 넘는 7개 리츠는 주가가 공모가를 하회할 만큼 부진하다.지난해 12월23일 상장한 ESR켄달스퀘어리츠는 상장이후 주가가 15.7% 상승했다. 쿠팡의 미국 증시 상장 소식이 알려진 지난달 15일에는 6300원으로 최고가를 기록했다. ESR 켄달스퀘어리츠의 기초자산은 총 11개의 물류센터로 고양시, 용인, 부천 등 주로 수도권에 집중돼 있으며 마켓컬리와 쿠팡 등 e커머스 기업이 주요 임차인이다. 특히 임대면적 절반을 쿠팡이 임차하고 있다고 알려지면서 쿠팡의 수혜주로 떠올랐다. 



━리츠, 부동산 자산에 물류센터 편입 '활발' ━물류센터가 새로운 투자처로 떠오르면서 국내 주요 리츠들이 최근 물류센터를 자산에 적극 편입하고 있다. 증시 호황기에 배당주 성격의 리츠가 장기간 외면받자 인기 대체투자 자산인 물류센터를 앞세워 투자자들의 관심을 끌겠단 전략이다. 금융투자업계에 따르면 이지스밸류플러스리츠는 경기 여주에 있는 물류센터를 새로운 자산으로 편입할 계획이다. 이지스밸류리츠가 편입할 여주 물류센터도 쿠팡이 전량 사용 중이다. 국토교통부 심사가 마무리되면 이 리츠는 기존 자산인 서울 태평로빌딩과 함께 물류센터도 확보하게 된다.롯데리츠도 이달 추가로 편입할 자산 목록에 롯데글로벌로지스가 보유한 김포 물류센터를 포함시켰다. 오는 16일 유상증자로 3475억원을 확보해 해당 물류센터와 롯데백화점·롯데마트·롯데아울렛 등 여러 유통매장을 살 예정이다. 기업공개(IPO)를 준비하는 리츠도 물류센터에 집중하고 있다. NH리츠운용은 상장을 추진 중인 NH올원리츠에 이천 도지물류센터를 지난해 말 새 자산으로 편입했다. 이로써 사무용빌딩인 성남 분당스퀘어와 서울·수원 엠디엠타워로 구성됐던 자산 목록이 더욱 다양해졌다. 당초 1000억원 수준으로 예상됐던 공모 규모도 한층 커질 것이란 전망이다. NH리츠운용은 빠르면 상반기 중 NH올원리츠을 상장할 계획이다. SK디앤디도 지난해 서울 사무용빌딩인 영시티빌딩을 담고 있던 디앤디플랫폼리츠에 물류센터를 추가했다. NH투자증권이 보유한 일본 아마존 물류센터 수익증권을 매입해 자산 규모를 키웠다. SK디앤디는 올 상반기 디앤디플랫폼리츠 상장을 목표로 하고 있다. 상장 이후에도 개발 중인 물류센터를 해당 리츠에 추가로 편입하는 것을 검토 중이다.━물류리츠 성장세 지속 전망━전문가들은 당분간 리츠 시장에서 물류센터 인기가 지속될 것으로 전망한다. 11일(현지시각) 미국 나스닥시장에 상장한 쿠팡의 몸값이 최대 57조원으로 평가받으면서 e커머스 시장 성장 효과를 톡톡히 누리고 있는 물류센터의 안정적인 수익 구조가 부각되고 있는 것도 호재로 본다.장승우 대신증권 연구원은 ""글로벌 금융 위기 때와는 달리 코로나19로 전자상거래 시장 성장이 가속화되며 임대료 상승과 편입 물류 부동산 성장으로 물류 리츠의 순영업수익 증가할 것""이라고 설명했다.이경자 삼성증권 연구원은 ""올해부터 물류센터 등 리츠의 자산 편입이 활발히 진행되고 리츠의 대형화가 본격화될 것""이라며 ""ESR켄달스퀘어리츠의 편입 자산의 확장 가능성도 높아질 것""이라고 말했다. 김미숙 KB증권 연구원은 ""국내외 투자자들은 강한 수요를 보이는 대도시 및 중소도시의 물류센터에서 투자기회 찾고 있다""며 ""지난해 투자자들의 가장 큰 관심을 받았던 물류센터는 올해에도 활발한 투자가 이뤄질 것""이라고 밝혔다.구경민 기자 kmkoo@mt.co.kr▶부동산 투자는 [부릿지]▶조 변호사의 가정상담소▶줄리아 투자노트 &lt;저작권자 ⓒ '돈이 보이는 리얼타임 뉴스' 머니투데이, 무단전재 및 재배포 금지&gt;
		]"
2021-03-05 06:31:30,[당근할래요?···중고거래 넘어 우리 동네 이장님 된 당근마켓],https://n.news.naver.com/mnews/article/011/0003879232?sid=101,"[




[서울경제] 중고거래 플랫폼 당근마켓이 중고거래 플랫폼을 넘어 이웃을 연결하는 ‘지역 커뮤니티 플랫폼’으로의 진화에 속도를 내고 있다. 전국 6,577개 지역에서 월 1,400만 명 이상의 이용자들이 1억2,000만 건의 나눔과 중고 거래가 이뤄졌던 당근마켓이 지역 주민을 넘어 소상공인들을 위한 비즈니스 플랫폼으로서의 색깔을 내고 있어 관심이 집중된다.지역생활 커뮤니티 당근마켓은 소상공인이 동네 주민에게 가게를 알리고 소통할 수 있는 ‘비즈프로필’ 서비스를 출시했다고 4일 밝혔다. 비즈프로필은 당근마켓에서 가게를 알리고, 지역 주민과 ‘단골’ 관계를 맺을 수 있는 서비스다. 가게 소개 글, 대표 이미지, 상점 위치, 영업시간 등을 등록할 수 있고, 전화문의·채팅·댓글 등을 통해 주민과 실시간으로 소통할 수 있다. 또 주민들은 또 주민들은 자주 찾는 가게를 ‘단골’로 등록해두면 가게 주인이 비즈프로필에 올리는 새로운 소식이나 이벤트 정보를 빠르게 전달받을 수 있다.비즈프로필 외에도 당근마켓은 지역 주민과 여러 플랫폼을 연결하는 데에 집중하고 있다. 당근마켓은 GS리테일과 손잡고 편의점 GS25와 슈퍼마켓 GS더프레시의 유통기한 임박 상품이나 할인·증정 정보 등을 실시간으로 확인할 수 있는 서비스를 올해 2분기 중 선보일 계획이다.당근마켓 애플리케이션 내 ‘내 근처’ 카테고리에서 시작되며, 유통기한이 비교적 짧은 도시락이나 김밥 등 간편 식료품으로 시작해 점차 제품군을 확대할 예정이다. 또 GS리테일의 전국 1만5,000여 개의 오프라인 점포에서 필요로 하는 일자리를 당근마켓을 통해 알릴 수 있도록 할 방침이다.지역 주민들의 생활 편의를 높이기 위해 세탁특공대와 손잡고 ‘세탁’ 코너도 운영 중이다. 직접 세탁소에 맡기거나 가지러 갈 필요 없이 당근마켓의 ‘내근처’에서 세탁 예약부터 수거와 배송까지 한 번에 주문해 해결할 수 있다는 점이 특징이다. 이밖에 당근마켓은 ‘내근처’ 카테고리에서 구인·구직, 과외, 부동산, 중고차, 전시·행사 등 동네 생활의 편의성을 높여주는 다양한 서비스를 제공하고 있다.기존 포털 지도에서는 찾기 어려웠던 동네의 작은 정보들을 담는데에도 주목하고 있다. 당근마켓은 지난해 12월 ‘동네생활’ 게시판에서 겨울철 먹거리 판매처를 묻고 답하는 이용자들이 많다는 것에 착안해 군밤·군고구마·붕어빵 등 ‘겨울철 간식 지도’ 서비스를 시작했다. 당근마켓의 ‘동네생활’에서는 같은 지역에 거주하는 이웃들끼리 동네의 주요 소식과 정보를 나누고 일상을 공유하는 소통의 공간으로, 모바일 지역 커뮤니티의 새로운 장을 열었다는 평가를 받고 있다.당근마켓은 지역 주민들이 거래와 결제를 편리할 수 있도록 간편 결제 시장으로의 진출도 준비 중이다. 당근마켓은 지난 2019년 이미 ‘당근페이’ 상표권을 등록하고 결제 플랫폼을 주요 신사업으로 준비해왔다. 플랫폼 내에서 지역 주민들이 안심하고 편리하게 거래할 수 있도록 하는 데 중점을 둘 것으로 보인다.이러한 국내에서의 성공을 발판 삼아 글로벌로도 서비스를 확장하고 있다. 현재 영국, 캐나다, 미국 등 총 3개국 내 41개 지역에서 당근마켓의 글로벌 서비스 ‘캐롯(Karrot)’을 운영 중이다. 현지화된 전략을 바탕으로 동네 생활 커뮤니티로 입지를 갖춰나가고 있다는 설명이다./백주원 기자 jwpaik@sedaily.com▶ 상위 1% 투자자 픽! [주식 초고수는 지금]▶ 모르면 손해! 금융맨들의 속사정[발칙한 금융]▶ 네이버 채널에서 '서울경제' 구독해주세요!저작권자 ⓒ 서울경제, 무단 전재 및 재배포 금지
		]"
2021-03-14 10:09:03,[네이버는 왜 유럽 중고 플랫폼에 투자했나…'무주공산' 글로벌 리셀 시장],https://n.news.naver.com/mnews/article/421/0005220426?sid=105,"[
스페인 왈라팝에 1550억 투자, '빅테크' 부재 리셀 시장 우위 선점 포석



© News1 이지원 디자이너 (서울=뉴스1) 송화연 기자 = 네이버가 지난 2월 스페인 최대 중고 상거래 기업 '왈라팝'에 1550억원을 투자했다는 소식이 전해지면서 리셀(한정판 등 희소한 새 제품을 사서 웃돈을 얹어 되파는 행위) 시장에 대한 관심이 뜨거워지고 있다.특히 이번 투자는 네이버가 지난 2017년 프랑스 투자사 코렐리아캐피탈을 통해 유럽시장에 첫발을 내디딘 이후 역대 최대 규모의 투자라 이목을 끈다. 그렇다면 네이버는 왜 유럽 중고 거래 플랫폼에 투자했을까.네이버는 지난 2월 스페인 왈라팝에 1억1500만유로(약 1550억원)를 투자한다고 밝혔다. 왈라팝은 스페인의 대표 중고거래 서비스로 63%의 시장 점유율을 차지하고 있다. 플랫폼에서는 패션·의류·전자기기와 같은 일반적 소형 품목 외에도 자동차·오토바이·부동산까지 거래된다네이버는 투자 계획을 발표하며 ""다양한 품목들이 거래되는 중고 상거래 플랫폼 특성상 추후 네이버가 보유한 인공지능(AI)·비전 기술 등 다양한 기술과 비즈니스 노하우 등을 결합해 새로운 서비스 경험을 창출하는 시너지를 낼 수 있을 것""이라고 설명했다.관련 업계는 리셀시장이 '빅테크'가 없는 '무주공산'이라는 점에서 네이버가 우위를 선점하기 위해 투자 단행을 결심했을 것이란 분석이다. 업계는 리셀을 전자상거래(이커머스) 분야의 차세대 성장동력으로 꼽기도 한다. 세계 최대 리세일 웹사이트 스레드업(ThredUp)과 글로벌데이터리테일(GlobalData Retail)에 따르면 리셀 시장은 지난 2020년 280억달러 규모로 추산되며, 오는 2024년 640억달러 수준까지 성장할 것으로 관측된다.네이버는 그동안 유럽 내 다양한 투자활동을 전개해왔지만, 구글이나 아마존 같은 '빅테크'가 아직까지 리셀시장을 장악하지 못했다는 점을 이유로 관련시장에 눈독을 들였을 것으로 분석된다.실제 글로벌 중고 명품 시장에서 유럽 1위·글로벌 2위를 차지하고 있는 플랫폼은 프랑스 기업인 베스티에르콜렉티브다. 지난 2009년 출시된 베스티에르콜렉티브는 유럽 패션 시장을 주도하는 있는 중고 명품 거래 플랫폼으로, 국내 해외 직구족 사이에서도 큰 인기를 얻고 있다.'싱가포르판 당근마켓'으로 불리는 캐러셀도 상황은 비슷하다. 지난 2012년 설립된 캐러셀은 동남아시아 최대 중고제품 거래 플랫폼을 운영하고 있다. 이 플랫폼에서 취급되는 품목 역시 패션·의류·전자기기와 같은 일반적인 소형 품목부터 자동차·오토바이·부동산까지 다양하다.캐러셀의 성장가능성을 알아본 네이버와 미래에셋은 지난해 9월 양사가 공동 조성한 '미래에셋-네이버 아시아그로쓰 펀드'를 통해 8000만달러를 투자하기도 했다.이처럼 특정 지역 단위로 이뤄지는 개인간거래(C2C) 모델은 모델 특성상 지역의 거래 문화 등에 영향을 받기 때문에 구글이나 아마존식 '글로벌 스탠다드'를 쉽게 적용할 수 없다는 분석이 지배적이다. 플랫폼 이용자의 특성이 국가·지역별로 차이가 확연한데다 C2C 거래 특성상 빌링(요금부과) 시스템의 적용 자체가 어렵다는 점도 빅테크가 독점하기 어려운 이유 중 하나다.이에 업계는 C2C 커머스의 경우, 빅테크 기업보다 로컬 스타트업이 더 잘할 수 있는 영역으로 인식하고 있다. 국내에서도 리셀시장은 중고나라, 당근마켓 등 로컬 스타트업을 중심으로 가파른 성장세를 보이고 있다.닐슨코리안클릭에 따르면 지난 2019년 7000억원이었던 당근마켓의 연간 거래액은 지난 2020년 1조원 이상 성장한 것으로 추산된다. 당근마켓의 지난 1월 월간활성이용자수(MAU)도 1400만명 이상이다. 회사는 최근 미국, 영국, 캐나다에 이어 일본 진출 계획을 밝힌 상태다.IT 업계 한 관계자는 ""동남아의 캐러셀, 유럽의 베스티에르콜렉티브·왈라팝 사례처럼 빅테크 없는 무주공산 속에서 각 지역 특성이 잘 살린 C2C 거래가 국가별로 관측되고 있다""며 ""사업자와 소비자를 직접 연결하는 아마존 같은 형태의 커머스가 아닌 플랫폼의 역할에 충실하면서 소비자와 소비자를 직접 잇는 모델이 기존 수입차 중심의 완성차 중고시장에서 이제는 패션, 의류 분야까지 확대되는 것이 추세""라고 말했다.hwayeon@news1.kr▶ 네이버 메인에서 [뉴스1] 구독하기!▶  뉴스1&amp;BBC 한글 뉴스 ▶  터닝포인트 2021 © 뉴스1코리아(news1.kr), 무단 전재 및 재배포 금지
		]"
2021-03-16 03:09:11,[삼성·롯데·포스코 등 공채 시작… CJ·KT “작년보다 더 뽑는다”],https://n.news.naver.com/mnews/article/023/0003601844?sid=101,"[
삼성 GSAT 올해도 온라인 시험… 대기업 대부분 예년 규모로 채용							삼성그룹 10여 개 계열사가 15일 신입사원 공채 원서 접수를 시작했다. 롯데와 KT, CJ 등도 이날 주요 계열사를 시작으로 상반기 공채에 돌입했다. 기업들은 구체적인 채용 규모는 공개하지 않았지만, “채용 인원은 예년과 비슷하다”는 입장이다. 최근 개발 부문 인력난을 겪고 있는 IT(정보기술) 업체들도 경력 이외 신입 채용을 하고 있다. 하지만 아직 채용 일정을 확정하지 못했거나 공채를 수시 채용으로 전환한 기업이 많아, 좁은 채용문을 통과하려는 구직 경쟁은 더 치열할 전망이다.



온라인 시험 원격 감독 - 작년 5월 삼성그룹 입사 필기시험인 GSAT(직무적성검사)가 사상 처음으로 온라인으로 치러질 때, 감독관들이 실시간 원격으로 수험생들을 살펴보고 있다. 15일부터 올해 상반기 공채 일정을 시작한 삼성은 올해도 GSAT를 온라인으로 치를 예정이다. /삼성전자 



 삼성·롯데·포스코 등 공채 스타트							삼성그룹은 이날 채용 사이트에 전자·금융·바이오 등 14개 주요 계열사의 대졸 공채 모집 공고를 올렸다. 삼성전자는 개발·디자인·영업·경영지원 등의 부문에서 신입을 뽑는다. 삼성디스플레이와 삼성전기도 연구개발직과 소프트웨어, 경영지원 부문별로 나누어 선발한다. 삼성물산·삼성바이오로직스·제일기획·에스원 등도 공채를 한다. 삼성은 4~5월 중 필기시험인 직무적성검사(GSAT)를 하고, 면접을 거쳐 7월 중 최종 합격자를 발표할 예정이다. GSAT 시험은 작년에 이어 올해도 온라인으로 진행하기로 했다. 계열사별 채용 인원은 공개되지 않았지만, 예년처럼 수천명 수준은 될 것으로 전망된다. 이재용 부회장도 지난 1월 구속 수감 상태에서도 사내 게시판을 통해 “투자와 고용 창출이라는 기업의 본분에 충실해 달라”고 당부한 바 있다.5대 그룹 중 삼성과 함께 정기 공채를 하는 롯데도 15일부터 상반기 채용 절차에 돌입했다. 15일 롯데물산·롯데렌탈이 원서 접수를 시작했고, 롯데케미칼·롯데푸드·롯데정보통신 등도 이달 중순 중 채용공고를 낼 예정이다. 롯데 관계자는 “계열사별로 구체적 일정은 다소 차이가 있다”고 말했다.CJ그룹도 상반기 신입 공채에 들어갔다. 주요 계열사인 CJ제일제당과 CJ대한통운이 15일부터 원서를 받고 있다. CJ 관계자는 “다른 계열사도 이달 중엔 신입사원 채용을 진행할 것”이라며 “전체 규모는 작년보다 늘릴 예정”이라고 말했다.KT는 인공지능(AI)과 빅데이터(Big data), 클라우드(Cloud)를 중심으로 300명 규모의 신입 채용을 시작한다고 15일 밝혔다. KT 관계자는 “신사업 확장에 대비해 채용 규모는 작년보다 20% 정도 늘릴 계획”이라며 “이와 별도로 경력직과 석·박사급 연구 인력은 수시 채용할 것”이라고 했다.지난 2일 공채를 시작한 포스코그룹은 오는 19일 오후 2시까지 원서 접수를 받는다. 포스코와 포스코인터내셔널, 포스코케미칼과 함께 진행하며, 계열사별 중복 지원은 막는다. GS리테일은 오는 4월 26일부터 공채를 하기로 했다.IT 개발자는 ‘신입’도 귀한 몸							최근 전문인력 부족 현상을 겪고 있는 IT 업계에선 ‘신입 개발자’도 귀한 몸이 됐다. 코로나 이후 비대면 디지털 시장이 급팽창하며 회사마다 관련 서비스를 개발하고 운영하는 개발자들을 모시기에 혈안이 됐기 때문이다. 회사들은 파격적인 신입 초임 연봉을 제시하며 젊은 대졸 개발자들에게 러브콜을 보내고 있다.국내 최대 게임업체인 넥슨은 15일부터 신작 게임 프로젝트별로 대규모 특별 수시 채용을 실시해 신입·경력 개발자 채용에 나섰다. 채용 규모는 수백명대로, 넥슨이 진행했던 역대 수시 채용 중 최대다. 개발자 채용 특성상 경력직 위주로 채용이 진행되지만, 올해엔 신입도 상당한 비중을 차지할 것으로 점쳐진다. 이와 함께 넥슨은 상반기 중으로 수백명 규모의 신입 공개 채용에도 나설 예정이다. 넥슨은 지난달 개발직 신입 초봉을 기존 4200만원에서 5000만원으로 인상했다.배달 업체 요기요 역시 15일 인공지능 등 첨단 사업을 개발하는 연구개발(R&amp;D) 센터의 인력을 현재 240명에서 3년 내에 1000명 규모로 늘리기 위해 공격적인 수시 채용에 나선다고 밝혔다. 회사는 인재 채용을 위해 올해 R&amp;D 센터의 평균 연봉 인상률을 예년보다 2~3배 높게 책정해 최대 2000만원을 인상하겠다고도 밝혔다. 부동산 정보 업체 직방도 개발자 연봉을 2000만원 인상하고, 신입 사원 초봉 6000만원 보장을 내걸었다.[이성훈 기자 inout@chosun.com] [오로라 기자 aurora@chosun.com] 		▶ 조선일보가 뽑은 뉴스, 확인해보세요		▶ 최고 기자들의 뉴스레터 받아보세요 		▶ 1등 신문 조선일보, 앱으로 편하게 보세요  
]"
2021-03-06 10:09:00,"[거래대금 상승에 중소형 증권사 투자 매력 ↑…""호황 이어질 것""]",https://n.news.naver.com/mnews/article/277/0004860044?sid=101,"[




역대 최고이 롤러코스터를 탄 2020년 주식시장이 사상 최고치를 기록하며 막을 내렸다. 2021년을 밝히는 여의도의 증권가 야경이 화려하다./윤동주 기자 doso7@[아시아경제 이민지 기자] 코로나19 이후 거래대금 증가로 중소형 증권사들의 수익성이 크게 개선된 것으로 나타났다. 지난달 이후 거래대금이 감소하고 있지만 양호한 영업환경은 지속될 것으로 나타났다.6일 금융투자업계 및 키움증권에 따르면 중소형증권사 9곳 교보증권, 대신증권, SK증권, 유안타증권, 유진투자증권, 이베스트투자증권, KTB투자증권, 한양증권, 현대차증권의 지난해 평균 지배주주순이익을 보면 전년 대비 약 54% 증가한 것으로 나타났다. 거래대금이 크게 증가하고 부동산 시장 호황으로 인해 리테일과 IB 부문의 수익이 증가하면서 전체 실적 개선을 끌어낸 것으로 풀이된다.시장 거래대금을 보면 지난 4분기 평균 거래대금은 27조2000억원이었다. 지난해 평균 거래대금은 22조7000억원을 기록해 전년 대비 144.6% 증가한 것으로 집계됐다. 유근탁 키움증권 연구원은 “코로나19 이후 급격한 거래대금 상승으로 인해 증권업종에 대한 수혜가 컸다”며 “대형증권사뿐만 아니라 제한적인 자본 규모로 리테일 비중이 상대적으로 작았던 중소형 증권사들도 전년 대비 실적이 개선됐다”고 말했다.



중소형 증권사의 리테일 수익증가율은 전년 동기 대비 64.6%로 대형증권사 5곳(45%)보다 높다. IB 부문도 15.8% 증가해 대형사(1.7%)보다 높은 성장률을 보였다.  외형보다는 수익을, 온라인 보다는 오프라인 시장에 주목한 결과로 분석된다. 유 연구원은 “다만 대형사 대비 리테일 고객 기반이 약한 탓에 지난해 9개사의 합산 수익 점유율과 약정 점유율은 각각 0.6%포인트, 0.3%포인트 소폭 줄었고 해외 부문에서도 점유율 감소 폭이 컸다”며 “IB 비중이 높은 증권사의 경우 이익 변동성이 확대될 수 있다”고 설명했다.키움증권은 중소형 증권사 9곳 중 투자 매력도가 높은 증권사로 한양증권, 이베스트투자증권을 꼽았다. 이익 성장률 측면에서 보면 이베스트투자증권과 한양증권의 지난해 주당순이익(EPS)은 전년 대비 각각 144%, 107%로 높은 성장률을 보였기 때문이다. 주가수익비율(PER)은 3배, 2.6배 수준으로 경쟁사 대비 낮다. 유근탁 연구원은 “이베스트투자증권의 경우 리테일 수익 점유율을 꾸준히 방어해오고 있어 관련 수익증가에 따른 이익 개선도 지속될 것”이라며 “두 회사의 경우 성과보수가 많은 IB와 PI 수익 비중이 상대적으로 높지만 수익 비용률이 경쟁사 대비 상대적으로 낮아 비용 효율 측면에서도 매력도가 있다”고 전했다.



2월 들어 거래대금이 감소세를 보이고 있지만 리테일 수익은 호조를 보일 것으로 예상된다. 지난달 일평균 거래대금은 32조4000억원으로 전월 대비 23% 줄어든 것으로 집계됐다. 주식시장이 횡보하면서 모든 매매 주체들의 회전율이 크게 하락했기 때문이다. 지난달 시가총액 회전율은 314.8%로 전월 대비 94.8%포인트 하락했다. 개인들의 매매 비중은 74%대로 지난달과 유사했다.강승건 KB증권 연구원은 “지난달 일평균 거래대금이 전월 대비 크게 줄었지만, 여전히 지난해 대비 높은 수준으로 올해 1분기 브로커리지 수수료는 양호한 흐름을 보일 것”이라며 “브로커리지 관련 이익 모멘텀 약화를 방어할 수 있는 자산관리(WM)와 IB 부문으로 다변화된 수익구조를 가진 증권사들이 우수한 실적을 내놓을 것”이라고 전했다.이민지 기자 ming@asiae.co.kr▶ 2021년 신축년(辛丑年) 신년운세와 토정비결은?▶ 발 빠른 최신 뉴스, 네이버 메인에서 바로 보기▶ 투자 성공의 핵심은 기업분석! 'CORE' 바로가기&lt;ⓒ경제를 보는 눈, 세계를 보는 창 아시아경제 무단전재 배포금지&gt;
		]"
2021-03-11 06:03:00,"[""커피값으로 건물주""…어디 투자해볼까]",https://n.news.naver.com/mnews/article/008/0004555331?sid=101,"[
			[머니투데이 정혜윤 기자, 구경민 기자] [[e커머스 시대..물류센터 투자에 꽂혔다]③]



리츠(REITs·부동산투자회사)와 부동산펀드는 어떻게 다를까.리츠와 부동산펀드는 모두 기관, 개인 자금을 모아 부동산에 투자하고 수익을 얻는 형태의 금융상품이라는 건 같다. 소액으로 부동산에 투자해 임대수익과 매각 차익에 따른 수익을 얻을 수 있는 것이 장점이다.하지만 세분화해서 보면 차이점이 있다. 먼저 리츠와 부동산펀드는 투자 대상이 다르다. 리츠는 부동산 투자 회사에 투자하는 형태이고, 부동산펀드는 실물 자산에 직접 투자한다.리츠를 운영하는 회사는 총 자산의 70% 이상을 부동산에 투자해야 하고, 이익의 90% 이상을 투자자에게 의무적으로 배당해줘야 한다. 리츠는 주식 시장에 상장돼 있어 주가가 오르면 관련 수익과 배당까지 받을 수 있다. 즉 리츠 투자는 부동산투자회사 지분을 매입해 가치를 공유하는 것이다.반면 부동산펀드는 펀드자산의 50%를 초과해 부동산 관련 실물 자산에 투자하는 상품이다. 투자자가 하나의 조합을 이뤄 오피스나 빌딩을 직접 매입하는 형태다.다음으로 두 상품의 큰 차이점은 유동성(자산을 현금으로 전환하는 정도)이다. 부동산펀드는 아마존 펀드와 같이 3~5년 만기 폐쇄형 상품으로 출시된다. 따라서 청산시점까지 환매가 불가능한 경우도 많고 환매수수료가 10%대 달하는 경우도 있다. 돈이 묶인다는 것.반면 리츠는 주식 시장에 상장돼 사고 파는 게 자유로워, 일반 주식 거래와 마찬가지로 원하는 시점에 매매가 가능하고 환매수수료가 없다.리스크 관리면에 있어서도 다르다. 부동산펀드는 하나의 부동산실물에 투자하는 것인데 반해 리츠는 다양한 자산에 투자한다. 리츠가 여러 부동산에 투자할 수 있어 리스크 관리 차원에서 더 낫다고 보는 경우도 있다.해외와 국내를 대표하는 e커머스 물류센터 리츠와 부동산펀드 예를 들어 비교해볼 수 있다. 미국 아마존 물류센터에 투자하는 미래에셋자산운용의 '미래에셋맵스미국부동산공모펀드16호'와 국내 유일 물류 리츠 'ESR켄달스퀘어리츠'가 있다.아마존 부동산펀드는 아마존이 임대면적 전체를 사용하는 미국 인디애나, 오하이오, 노스캐롤라이나에 위치한 물류센터 세곳이 투자 대상이다. 만기는 설정일로부터 5년 6개월, 중도 환매가 불가한 폐쇄형 구조다. 임대 수익을 통한 배당금은 매년 4월말과 10월말을 기준으로 지급될 예정이다.ESR켄달스퀘어리츠는 국내 부천, 고양, 용인, 이천, 평택, 안성, 김해 등 물류센터 11곳을 자산으로 보유하고 있다. 주요 임차인은 쿠팡을 비롯해 필라, GS리테일, CJ, 동원 등 다양하다. ESR켄달스퀘어리츠는 주식시장에 상장됐고, 1년에 2회 배당금을 지급한다.최근 흐름을 봐도 리츠 성장세가 부동산펀드보다 가파르다. 한국리츠협회에 따르면 지난 1월 말 국내 리츠 운용자산 규모(65조 3289억원)는 전년동월대비 26.06% 증가했다. 부동산펀드(지분총액 약 114조 4000억원) 증가율 11.15% 보다 2배 이상 높다.한국리츠협회 관계자는 ""라임, 옵티머스 사고가 터지면서 펀드에 대한 감독이 강화되다 보니 부동산펀드 증가율도 확실히 예전에 비해 둔화된 측면이 있다""며 ""또 배당에 대한 기대와 세제 혜택이 맞물리면서 투자자들이 안전자산 성격의 리츠로 몰리고 있다""고 설명했다.정부는 임대 건설 촉진을 위해 리츠와 부동산 펀드를 활용하는 민간임대사업자에게 종합부동산세 합산 배제 기준과 재산세 감면 기준을 각각 6억원 이하에서 9억원 이하로 완화해준다. 또 여기에 공모형 리츠 투자자에 대해선 5000만원까지 배당 소득에 분리 과세를 적용했다.해외와 국내를 대표하는 e커머스 물류센터 리츠와 부동산펀드 예를 들어 비교해볼 수 있다. 미국 아마존 물류센터에 투자하는 미래에셋자산운용의 '미래에셋맵스미국부동산공모펀드16호'와 국내 유일 물류 리츠 'ESR켄달스퀘어리츠'가 있다.아마존 부동산펀드는 아마존이 임대면적 전체를 사용하는 미국 인디애나, 오하이오, 노스캐롤라이나에 위치한 물류센터 세곳이 투자 대상이다. 만기는 설정일로부터 5년 6개월, 중도 환매가 불가한 폐쇄형 구조다. 임대 수익을 통한 배당금은 매년 4월말과 10월말을 기준으로 지급될 예정이다.ESR켄달스퀘어리츠는 국내 부천, 고양, 용인, 이천, 평택, 안성, 김해 등 물류센터 11곳을 자산으로 보유하고 있다. 주요 임차인은 쿠팡을 비롯해 필라, GS리테일, CJ, 동원 등 다양하다. ESR켄달스퀘어리츠는 주식시장에 상장됐고, 1년에 2회 배당금을 지급한다.최근 흐름을 봐도 리츠 성장세가 부동산펀드보다 가파르다. 한국리츠협회에 따르면 지난 1월 말 국내 리츠 운용자산 규모(65조 3289억원)는 전년동월대비 26.06% 증가했다. 부동산펀드(지분총액 약 114조 4000억원) 증가율 11.15% 보다 2배 이상 높다.



━커피값으로 건물주..국내 상장 리츠 어떤게 있나━커피값 정도의 소액으로 대형 부동산에 투자할 수 있는 금융상품인 '공모리츠'가 한때 인기를 모았다. 하지만 지난해 국내 증시가 상승세를 보이는 가운데 공모형 리츠의 주가는 다소 부진했다.리츠는 투자자 여러 명으로부터 자금을 모집해 부동산에 투자하고 여기서 발생하는 임대 수입과 매각 차익을 배당한다. 개인이 사고팔기 어려운 고가의 건물이나 해외 부동산을 직접 매입·매각하지 않아도 적은 금액으로 부동산에 투자한 효과를 볼 수 있다. 안정적으로 시중금리보다 높은 배당을 받을 수 있다 점도 특징이다. 더불어 공모리츠는 언제든 사고팔 수 있다는 장점도 갖췄다.현재 국내 주식시장에는 대세인 물류센터를 비롯해 주유소, 오피스, 주거시설 등 다양한 부동산에 투자하는 리츠가 상장돼 있다. 13개 중 지난해에만 6개 리츠가 신규 상장해 숫자가 크게 늘었다.지난해 8월 상장한 코람코에너지리츠는 국내 최초 주유소 기반 리츠다. SK네트웍스로부터 인수한 직영 주유소 187개를 기초자산으로 삼는다. 현대오일뱅크와 SK네트웍스가 최소 10년간 임차해 운용한다. 더불어 주유소 부지에 자동차 정비소와 편의점, 드라이브 스루 음식점 등을 추가로 유치해 부지 활용도를 높이고 부가 수익을 만들어낼 계획이다.10년 임대차 계약 중 첫 5년 동안은 확정 임대료를 받고 나머지 5년은 임대료 연 1.5% 인상을 조건으로 한다. 양측이 원할 경우 계약을 5년 더 연장할 수 있다. 연 배당수익률은 6.2%에 달한다.제이알글로벌리츠도 지난해 8월 증시에 입성했다. 배당수익률은 7%에 달한다. 벨기에 브뤼셀 중심업무지구 내 펜타곤 지역에 자리한 오피스빌딩 '파이낸스타워'에 투자한다. 국내 최초 해외 부동산 공모 리츠다. 신용도 높은 벨기에 건강관리청이 2034년까지 중도해지 옵션 없이 임차 계약이 돼있다는 점이 눈길을 끈다. 벨기에 정부와의 임대차 계약으로 안정성이 높다는 게 강점이다.역시 지난해 상장한 이지스레지던스리츠는 주거시설 기반 리츠다. 정비사업연계형 공공지원 민간임대주택사업인 인천 부평더샵 3578가구를 기초자산으로 하는 이지스 151호의 지분증권이 최초 투자자산이다. 5년간 연평균 배당수익률은 5.2%가 기대된다. 국내 최대 부동산 자산운용사인 이지스자산운용이 자산관리를 담당한다.미래에셋맵스리츠는 경기도 수원시 영통구 광교센트럴푸르지오시티 상업시설이 기초자산이다. 롯데쇼핑이 이곳에서 롯데아울렛과 롯데시네마를 운영 중이다. 계약 만기 시기는 2035년 9월로 잔여 임대차 기간은 15년이다. 임차인인 GS리테일로부터 임대료를 받고 GS리테일이 전차인인 롯데쇼핑으로부터 전대료를 받는 구조다. 향후 미래에셋맵스제1호리츠는 향후 물류창고, 데이터센터, 오피스 등 다양한 자산을 편입할 예정인 만큼 리테일 리츠에서 복합형 리츠로 성장이 기대된다.신한알파리츠는 최근 서울 강남의 빌딩을 추가로 사들이면서 배당금 증가에 대한 기대감이 커지고 있다. 여섯 번째 빌딩인 이번 자산 매입을 완료하면 자산규모가 1조6000억원으로 롯데리츠에 이어 국내에서 두 번째로 덩치가 큰 상장리츠로 올라서게 된다. 특히 알짜 자산인 판교 크래프톤타워의 담보 대출 규모를 오는 4월 늘릴 예정이어서 이 자금을 활용한 리츠 수익성 개선에도 관심이 모아진다.빌딩 추가 매입으로 배당금이 증가에 대한 기대도 높다. 신한알파리츠는 매년 빌딩을 새로 편입하면서 배당금도 꾸준히 증가했다. 상장 첫해에는 반기 기준 116원을 배당했으며 올해 3월 배당은 전기 대비 5.2% 증가한 161원을 결의했다. 배당 수익률은 현재(10일 종가) 주가 7300원 기준으로 약 4.4%다.유상증자에 나서는 롯데리츠는 롯데마트·백화점 등 오프라인 매장을 담고 있다. 롯데리츠는 이 자금으로 롯데백화점 중동, 안산 롯데마트 계양 춘천, 프리미엄아울렛 이천, 김포 물류센터 등 6개 자산을 롯데로부터 사들인다.현재(10일 종가) 롯데리츠 주가는 4930원이다. 2019년 10월 주당 5000원의 공모가로 상장된 롯데리츠는 상장 첫해는 6000원 이상으로 주가를 유지했으나 지난해 13% 하락하며 연말에는 5211원을 기록했다. 올 들어서도 꾸준히 주가가 미끄러지며 공모가 밑으로 떨어졌다. 가뜩이나 온라인 전자상거래에 밀려 유통 매장의 가치가 떨어지는 상황에서 터진 코로나19로 엎친 데 덮친 격이 됐다.다만 배당 매력은 올라왔다는 평가다. 삼성증권에 따르면 롯데리츠의 올해 배당 평균 수익률은 6.5%로 추정된다. 특히 신주 가격으로 배당 수익률은 6.9%다.이외에 모두투어리츠, NH프라임리츠, 이지스밸류리츠, ESR켄달스퀘어리츠, 에이리츠, 케이탑리츠, 이리츠코크렙 등이 상장돼 있다정혜윤 기자 hyeyoon12@mt.co.kr, 구경민 기자 kmkoo@mt.co.kr▶부동산 투자는 [부릿지]▶조 변호사의 가정상담소▶줄리아 투자노트 &lt;저작권자 ⓒ '돈이 보이는 리얼타임 뉴스' 머니투데이, 무단전재 및 재배포 금지&gt;
		]"
2021-03-22 08:25:12,"[NH투자증권 ""키움증권, PER 역사점 저점 수준…리테일 중심 증권업 호황 지속""]",https://n.news.naver.com/mnews/article/366/0000687814?sid=101,"[
			NH투자증권은 22일 키움증권(039490)이 대해 최근 증시 조정으로 증권주 주가가 전반적으로 약세를 보였지만 실적은 여전히 양호하다고 평가했다. 이에 투자의견 ‘매수’와 목표주가 20만원을 각각 유지했다. 정준섭 NH투자증권 연구원은 이날 보고서에서 ""지난해부터 나타난 머니 무브 트렌드가 올해에도 지속되고 있다고 판단한다""며 ""최근 SK바이오사이언스 청약 열풍은 주식시장 유입 수요가 여전히 탄탄함을 보여주는 사례""라고 말했다. 그러면서 ""주식 거래대금의 단기 변동은 있을 수 있어도, 리테일 중심의 증권업 호황은 여전히 진행 중""이라고 덧붙였다.지난달부터 주식시장 조정이 나타나면서 국내주식의 일평균 거래대금은 1월 42조1000억원에서 2월 32조4000억원, 3월 26조7000억원으로 소폭 감소하고 있다. 다만 분기 평균 33조~34조원으로 지난해 같은 기간(14조8000억원), 전 분기(27조4000억원)와 비교했을 때 여전히 높은 상황이다.이런 가운데 키움증권은 지난해 2분기 이후 2000억원대 분기 순이익을 이어가고 있다. 거래대금 강세 환경에서 높은 인지도와 비대면 채널 경쟁력을 바탕으로 국내주식과 해외주식 모두 약 30% 수준의 리테일 점유율을 나타내고 있다. 또 사모펀드와 해외 부동산 손실 이슈에서도 상대적으로 자유롭다.올해 1분기 지배순이익은 2410억원으로 전망했다. 사상 최대 분기 실적이었던 지난해 3분기(2634억원)에 근접하는 수준이자 시장 컨센서스(1880억원)를 큰 폭으로 웃돌 것이라는 예상이다.정 연구원은 ""양호한 업황을 바탕으로 위탁매매 수수료, 신용 이자수익, IB 등 대부분 부문에서 호실적을 나타낼 전망""이라며 ""반면 주가수익비율(PER)은 4.3배로 역사적 저점 수준이며 다른 대형 증권주(5.4~7.5배)와 비교해도 낮은 상황으로 매크로 환경의 일부 악화를 가정해도 주가는 매우 저평가된 상태로 판단된다""고 진단했다.[이다비 기자 dabee@chosunbiz.com] ▶네이버에서 '명품 경제뉴스' 조선비즈를 구독하세요▶먹통 5G에 뿔난 소비자들, 이통사 상대로 집단소송▶쿠팡, 한국판 아마존?…신중론 제기하는 美 월가	저작권자 ⓒ 조선비즈, 무단 전재 및 재배포 금지
]"
2021-03-19 09:00:08,"[정영애 여가부 장관 40억, 류근관 통계청장 37억 재산 신고]",https://n.news.naver.com/mnews/article/014/0004604161?sid=100,"[
정부공직자윤리위, 3월 수시 재산공개 



정영애 여성가족부 장관. 여가부 제공 [파이낸셜뉴스] 지난해 12월 취임한 정영애 여성가족부 장관은 40억원 이상의 재산을 신고했다.   19일 정부공직자윤리위원회는 3월 수시 재산공개 대상자 103명의 재산등록사항을 관보에 게재했다.   이에 따르면 정 장관은 총 40억8028만원을 보유한 것으로 신고됐다. 이날 재산이 공개된 현직 고위공직자 중 신현수 대통령비서실 민정수석비서관(51억2199만원), 이용구 법무부 차관(50억6696만원)에 이어 세 번째로 많다.   정 장관의 재산 중 배우자가 보유한 서울 영등포구 여의도동 소재 아파트(104.5㎡) 가액이 10억4300만원으로 가장 큰 비중을 차지했다. 그 밖의 부동산은 갖고 있지 않았다. 본인 명의의 예금 11억5681만원, 배우자 명의의 예금 16억6541만원 총 28억2222만원을 갖고 있다.   정 장관은 본인 명의로 SBS미디어홀딩스 1680주, NS쇼핑 90주, 삼성물산 47주를 보유했다. 가액은 합계 1060만원이다. 1120만원 상당의 채권도 본인 명의로 보유하고 있다.   지난해 12월 취임한 류근관 통계청장은 총 37억3437만원의 재산을 신고했다.   류 청장은 본인 명의 8억9000만원 상당의 서울 여의도 오피스텔, 부부 공동 소유로 11억8000만원 상당의 서울 평창동 단독주택을 보유했다.   본인 명의의 충남 보령시 임야(1억9056만원)와 함께 본인 또는 배우자 명의 예금(8억1247만원)도 신고했다. 주식 재산은 본인 명의 5억5104만원을 포함해 총 7억1596만원을 신고했다.   지난해 말 취임한 유영민 대통령비서실장은 39억원의 재산을 신고했다.   유 비서실장은 배우자 명의의 경기 양평균 토지 3억1347만원, 본인 소유 성루 송파구 신천동의 주상복합건물 14억6000만원 등을 신고했다. 장녀 명의로 경기 하남시 아파트 5억3969만원, 경기 양평군 단독주택 2억3900만원, 경기 양평군 창고 4514만원, 서울 강서구 오피스텔 전세권 5000만원 등을 등록했다.   또 예금 11억8720만원을 더해 총 39억1443만원의 재산을 신고했다. 장남은 독립생계유지를 이유로 고지를 거부했다.   지난해 12월 퇴임한 진영 전 행정안전부 장관은 재산 87억1236만원을 신고했다. 퇴직한 고위공직자 중 가장 많다. 이어 나영선 한국직업능력개발원 전 원장(45억3585만원)과 구진열 인천지방국세청 전 청장(38억3584만원) 등이 뒤를 이었다.   진 전 장관은 본인 명의로 서울시 용산구에 오피스텔(1억6092만원)을, 배우자 명의로는 용산구 아파트(26억4000만원)와 상가 3곳(11억3813만원) 등을 신고했다.   본인과 배우자로 명의로 예금 37억4353만원과 주식 7억7285만원 등도 신고했다. 본인은 공채(3119만원)를 보유했다. 배우자는 아모레퍼시픽(600주), GS리테일(300주), SK바이오팜(131주), 삼성전기(100주) 등 7억4165만원 어치 주식 및 회사채 등을 갖고 있다.    skjung@fnnews.com 정상균 기자   ▶ 헉! 소리나는 스!토리 뉴스 [헉스]▶ '아는 척'하고 싶은 당신을 위한 [두유노우]▶ 날로먹고 구워먹는 금융이슈 [파인애플]  ※ 저작권자 ⓒ 파이낸셜뉴스. 무단 전재-재배포 금지
		]"
2021-03-01 13:08:16,"[""작년 글로벌 상업용 부동산 시장, K부동산만 떴다""]",https://n.news.naver.com/mnews/article/277/0004856517?sid=101,"[




[아시아경제 박소연 기자]지난해 글로벌 상업용 부동산 투자 규모가 코로나19의 영향으로 대폭 감소한 것으로 나타났다. 북미와 유럽 등 대부분 지역에서 투자가 감소했지만 한국 상업용 부동산에 대한 투자는 외려 늘어났던 것으로 분석됐다.1일 대신증권 글로벌부동산팀에 따르면 2020년 글로벌 상업용 부동산 투자시장 규모는 8010억 달러를 기록해 전년대비 26% 감소한 것으로 나타났다.대신증권은 최근 5년여간 글로벌 부동산 거래 시장에서 크로스보더(Cross-border·국경을 넘은 거래)거래의 비중이 25% 이상 수준을 유지했다는 점을 감안할 때, 나름 견조한 실적이라고 분석했다.거래시장의 위측이 투자 수요나 자금의 축소보다는 코로나19로 인해 국경 이동이 자유롭지 않았던 환경적인 요인에 기인했을 것이란 해석이다.권역별로 살펴보면, 아메리카 대륙의 감소폭(-34%)이 가장 컸다. 글로벌 투자 시장에서 단독 국가로는 최대 규모를 차지했던 미국의 거래규모가 큰 폭(-31.6%)으로 감소했다. 독일과 영국 중심의 유럽(-15%), 한국과 일본 중심의 아시아 권역(-21%)이 상대적으로 견조한 실적을 기록했다.한국은 2020년 글로벌 주요 국가들이 코로나19의 여파로 대부분 전년대비 마이너스(-)실적을 기록하는 가운데 유일하게 성장(+16.2%)하며, 탄탄한 자국 수요를 증명했다고 증권사측은 분석했다.2020년 분기별 실적을 살펴보면 4·4분기가 전 분기 대비 대비 큰 폭으로 상승(+84%)했다. 글로벌 상업용 부동산 시장은 코로나19 이후 2·4분기 큰 폭으로 하락(-53%)했고, 이후 2분기 연속 플러스(+) 성장했다. 특히 4·4분기 상승폭이 컸다는 점에서 거래 시장이 점진적인 회복기에 진입했다고 판단했다. 대신증권은 글로벌부동산팀은 ""코로나19 백신의 대중화가 이뤄질 2021년 하반기, 부동산 거래 시장 또한 본격적으로 예년의 활기를 찾을 것""이라고 말했다. 글로벌 종합 부동산 서비스 기업인 CBRE 역시 2021년글로벌 상업용 부동산 시장이 전년 대비 15~20%정도 성장할 것으로 전망했다. 하지만 자산 가격 측면에서 아직 안정화 단계는 아니라는 해석이 나온다. CBRE가 집계하는 글로벌 오피스 부동산 수익률은 상승을 이어가다 2020년 4분기 상승폭이 다소 둔화된 모습이다. 대신증권은 글로벌 오피스 부동산 수익률은 여전히 추가 상승 가능성이 남아있다고 판단했다. 지속 상승 중인 리테일 수익률 또한 추가 상승을 예상했다. 박소연 기자 muse@asiae.co.kr▶ 2021년 신축년(辛丑年) 신년운세와 토정비결은?▶ 발 빠른 최신 뉴스, 네이버 메인에서 바로 보기▶ 투자 성공의 핵심은 기업분석! 'CORE' 바로가기&lt;ⓒ경제를 보는 눈, 세계를 보는 창 아시아경제 무단전재 배포금지&gt;
		]"
2021-03-10 15:40:00,[물류 리츠 vs 물류 부동산펀드…어디 투자해볼까],https://n.news.naver.com/mnews/article/008/0004555088?sid=101,"[
			[머니투데이 정혜윤 기자] [[e커머스 시대..물류센터 투자에 꽂혔다]④]



리츠(REITs·부동산투자회사)와 부동산펀드는 어떻게 다를까. 리츠와 부동산펀드는 모두 기관, 개인 자금을 모아 부동산에 투자하고 수익을 얻는 형태의 금융상품이라는 건 같다. 소액으로 부동산에 투자해 임대수익과 매각 차익에 따른 수익을 얻을 수 있는 것이 장점이다. 하지만 세분화해서 보면 차이점이 있다. 먼저 리츠와 부동산펀드는 투자 대상이 다르다. 리츠는 부동산 투자 회사에 투자하는 형태이고, 부동산펀드는 실물 자산에 직접 투자한다. 리츠를 운영하는 회사는 총 자산의 70% 이상을 부동산에 투자해야 하고, 이익의 90% 이상을 투자자에게 의무적으로 배당해줘야 한다. 리츠는 주식 시장에 상장돼 있어 주가가 오르면 관련 수익과 배당까지 받을 수 있다. 즉 리츠 투자는 부동산투자회사 지분을 매입해 가치를 공유하는 것이다. 반면 부동산펀드는 펀드자산의 50%를 초과해 부동산 관련 실물 자산에 투자하는 상품이다. 투자자가 하나의 조합을 이뤄 오피스나 빌딩을 직접 매입하는 형태다. 다음으로 두 상품의 큰 차이점은 유동성(자산을 현금으로 전환하는 정도)이다. 부동산펀드는 아마존 펀드와 같이 3~5년 만기 폐쇄형 상품으로 출시된다. 따라서 청산시점까지 환매가 불가능한 경우도 많고 환매수수료가 10%대 달하는 경우도 있다. 돈이 묶인다는 것. 반면 리츠는 주식 시장에 상장돼 사고 파는 게 자유로워, 일반 주식 거래와 마찬가지로 원하는 시점에 매매가 가능하고 환매수수료가 없다. 리스크 관리면에 있어서도 다르다. 부동산펀드는 하나의 부동산실물에 투자하는 것인데 반해 리츠는 다양한 자산에 투자한다. 리츠가 여러 부동산에 투자할 수 있어 리스크 관리 차원에서 더 낫다고 보는 경우도 있다. 



(부천=뉴스1) 정진욱 기자 = 사진은 부천 쿠팡 물류센터.2020.12.9/뉴스1해외와 국내를 대표하는 e커머스 물류센터 리츠와 부동산펀드 예를 들어 비교해볼 수 있다. 미국 아마존 물류센터에 투자하는 미래에셋자산운용의 '미래에셋맵스미국부동산공모펀드16호'와 국내 유일 물류 리츠 'ESR켄달스퀘어리츠'가 있다. 아마존 부동산펀드는 아마존이 임대면적 전체를 사용하는 미국 인디애나, 오하이오, 노스캐롤라이나에 위치한 물류센터 세곳이 투자 대상이다. 만기는 설정일로부터 5년 6개월, 중도 환매가 불가한 폐쇄형 구조다. 임대 수익을 통한 배당금은 매년 4월말과 10월말을 기준으로 지급될 예정이다. ESR켄달스퀘어리츠는 국내 부천, 고양, 용인, 이천, 평택, 안성, 김해 등 물류센터 11곳을 자산으로 보유하고 있다. 주요 임차인은 쿠팡을 비롯해 필라, GS리테일, CJ, 동원 등 다양하다. ESR켄달스퀘어리츠는 주식시장에 상장됐고, 1년에 2회 배당금을 지급한다. 최근 흐름을 봐도 리츠 성장세가 부동산펀드보다 가파르다. 한국리츠협회에 따르면 지난 1월 말 국내 리츠 운용자산 규모(65조 3289억원)는 전년동월대비 26.06% 증가했다. 부동산펀드(지분총액 약 114조 4000억원) 증가율 11.15% 보다 2배 이상 높다.  한국리츠협회 관계자는 ""라임, 옵티머스 사고가 터지면서 펀드에 대한 감독이 강화되다 보니 부동산펀드 증가율도 확실히 예전에 비해 둔화된 측면이 있다""며 ""또 배당에 대한 기대와 세제 혜택이 맞물리면서 투자자들이 안전자산 성격의 리츠로 몰리고 있다""고 설명했다. 정부는 임대 건설 촉진을 위해 리츠와 부동산 펀드를 활용하는 민간임대사업자에게 종합부동산세 합산 배제 기준과 재산세 감면 기준을 각각 6억원 이하에서 9억원 이하로 완화해준다. 또 여기에 공모형 리츠 투자자에 대해선 5000만원까지 배당 소득에 분리 과세를 적용했다. 정혜윤 기자 hyeyoon12@mt.co.kr▶부동산 투자는 [부릿지]▶조 변호사의 가정상담소▶줄리아 투자노트 &lt;저작권자 ⓒ '돈이 보이는 리얼타임 뉴스' 머니투데이, 무단전재 및 재배포 금지&gt;
		]"
2021-03-30 07:41:00,"[상업용 부동산 거래 '활황'…""자산개발 면밀히 검토해야""]",https://n.news.naver.com/mnews/article/008/0004564804?sid=101,"[
			[머니투데이 조준영 기자] 



삼정KPMG CI쿠팡, 마켓컬리 상장 이슈와 함께 가장 뜨거운 자산으로 ‘부동산’이 꼽히고 있다. 최근 저금리 기조에 따른 풍부한 유동성 및 대체투자 자산에 대한 투자 수요증가에 따라 상업용 부동산 거래가 활기를 띠고 있다. 29일 글로벌 부동산 서비스 기업 CBRE 리서치 결과, 지난해 호텔을 제외한 오피스, 물류, 리테일 자산의 거래규모가 전년도와 유사하거나 증가했고, 물류의 경우 자산의 거래수가 전년 대비 50% 증가하는 등 투자 수요가 매우 활발하게 나타난 것으로 조사됐다.코로나19(COVID-19) 백신접종 확산에 따른 경제회복으로 물류 및 오피스 등 부동산 투자에 대한 기대감도 높아지고 있다. 하지만 이 자산들을 개발할 수 있는 여건은 제한적이다. 진형석 삼정KPMG 부동산자문팀 상무는 “용도상 개발이 가능한 토지로 인식하고 섣불리 투자와 개발을 검토한다면 낭패를 볼 가능성이 매우 높다”며 “제반 여건에 대해 신중히 검토하고 예상되는 인허가 이슈와 선제적인 테넌트(tenant) 확보, 그리고 기존 협상이 결렬될 경우 대안의 준비까지 갖춰야 한다”고 조언했다.삼정KPMG는 해당 지역의 오피스 마켓에 대한 이해와 심층적인 재무분석을 통해 여러 한계를 극복하고 상암IT타워 및 디큐브시티를 성공적으로 매각했다. 또 기업용 자산에 대한 가장 유효한 이용방안을 모색해 대우로얄프라임 매각의 높은 흥행을 이끌었다. 한편, 코로나19 영향과 함께 편리성을 고려한 소비 트렌드의 변화로 온라인 쇼핑 소비가 크게 늘면서 올해 사상 최대 규모의 물류 자산 공급이 예상되고 있다. 백신 도입 후 경제 회복 예상과 함께 저금리로 인한 자산가치 상승 및 비대면 소비활동으로 인한 물류자산 활황이 지속될 것으로 전망된다. 서광덕 삼정KPMG 부동산자문팀 상무는 “이커머스시장 확장과 더불어 국내 물류시장에 대한 국내외 투자자의 관심이 지속되는 가운데 향후 최적화된 임대 수익 실현 등 물류센터의 가치를 높이기 위해서는 입지분석부터 설계, 시공 및 금융 조달까지 각 단계별 고려 요인들을 검토하고 이에 따른 물류센터 투자비 및 수익성을 면밀히 살펴야 한다”고 전했다.최근 삼정KPMG는 뛰어난 입지와 대형 이커머스 기업 임차인으로 인한 탄탄한 수익성 뿐만 아니라 상온 및 저온 물류로까지 사업을 넓힐 수 있어 최고의 자산가치로 손꼽힌 김포 티제이 물류센터 매각을 진행중이며, 강남 벨류애드(Value add) 개발 물건으로 주목된 자미온 사옥 매각 등을 성공적으로 이끌어 냈다. 삼정KPMG 부동산자문팀은 부동산 분야 경력자와 전공자, 감정평가사, 회계사 등 100여명의 전문가가로 구성돼 있으며, 투자·개발에서 운영·처분까지 거래자문, 타당성 검토, 운영전략수립(CRE Consulting), 공공기관의 부동산·인프라 개발·활용 자문 등의 서비스를 제공하고 있다. 특히 2개 본부에서 진행하던 부동산자문을 최근 3개 본부로 확대해 운영 중이며, 오피스, 리테일, 레저, 골프, 물류, 데이터센터, 실버타운 등 부동산 자산 섹터 별 스페셜리스트(Specialist)들이 투자 자문 시장에서 주도적인 역할을 수행 중이다. 조준영 기자 cho@mt.co.kr▶부동산 투자는 [부릿지]▶주식 투자는 [부꾸미TALK]▶부자되는 뉴스, 머니투데이 구독하기 &lt;저작권자 ⓒ '돈이 보이는 리얼타임 뉴스' 머니투데이, 무단전재 및 재배포 금지&gt; 
]"
2021-03-24 08:41:37,"[[빅데이터MSI]시장심리 톱5, KT·대우건설·LG디스플레이·LG생활건강·코웨이]",https://n.news.naver.com/mnews/article/003/0010408194?sid=101,"[
워스트5, 두산중공업·대한항공·한국가스공사·SK케미칼·한국전력



[서울=뉴시스] 김제이 기자 = 23일 빅데이터 시장심리지수(MSI)가 가장 높은 톱5에 KT·대우건설·LG디스플레이·LG생활건강·코웨이가 선정됐다.뉴시스와 코스콤이 주요 상장기업 250곳에 대해 공동 분석해 산출해 낸 빅데이터 MSI(http://m.newsis.com/stock.html, 모바일 전용)로 전 거래일 오후 4시부터 이날 오전 8시까지 데이터를 취합한 결과다.KT의 시장심리지수는 전 거래일과 같은 7단계 '매우 좋음'을 나타냈다. 관련 키워드로는 콘텐츠, 미디어, 광화문, KT스퀘어, 플랫폼, 종로구, 구현모, 스튜디오 등이 뽑혔다.대우건설의 시장심리지수는 전 거래일과 동일한 7단계로 집계됐다. 연관 키워드로는 부산, 분양, 단지, 푸르지오, 아파트, 부동산, 레지던스, 오션시티 등이 꼽혔다.LG디스플레이의 시장심리지수는 7단계 '매우 좋음'으로 전 거래일보다 2단계 올랐다. 온라인에서는 LG디스플레이, 사장, 강화, 디스플레이, 기반, 고객, 사외이사, 패널 등이 주로 검색됐다.LG생활건강의 MSI지수는 전 거래일과 동일한 7단계를 나타냈다. 핵심 키워드로는 럭키, 상품, 광고, 화장품, GS리테일, 연봉, 출시, 쿠팡 등이 선정됐다.코웨이의 MSI지수는 7단계 '매우 좋음'으로 전 거래일과 동일하게 집계됐다. 주요 키워드로는 물맛, 정수기, 등급, 품평회, 골드, 연구, 평가, 생수 등이 꼽혔다.



시장심리가 낮은 '워스트5'에는 두산중공업·대한항공·한국가스공사·SK케미칼·한국전력이 꼽혔다.두산중공업의 시장심리지수는 전 거래일과 동일한 1단계 '매우 나쁨'을 기록했다. 관련 키워드로는 기술자료, 요구, 공정위, 에너지, 서면, 밸브, 기술, 발전소 등이 꼽혔다.대한항공의 시장심리지수는 1단계로 전 거래일보다 다섯 단계 하락했다. 연관 키워드로는 선임, 안건, 상무, 반대, 국민연금, 사내이사, 주주총회, 연봉 등이 뽑혔다.한국가스공사의 시장심리지수는 전 거래일과 동일한 1단계를 나타냈다. 온라인에서는 미얀마, 군부, 연료비, 전기요금, 가스전, 포스코인터내셔널, 동결, 포스코강판 등이 주로 검색됐다.SK케미칼의 MSI지수는 1단계로 전 거래일보다 2단계 내렸다. 핵심 키워드로는 상장, 백신, 금리, 공모주, SK케미칼, 한국거래소, 접종, SK바이오사이언스 등이 선정됐다.한국전력의 MSI지수는 전 거래일보다 여섯 계단 급락한 1단계 '매우 나쁨'을 기록했다. 키워드로 전기요금, 한전, 연료비, 인상, 연동제, 전력, 유가, 재생에너지 등이 뽑혔다.MSI는 총 7단계로 나뉜다. 1단계 '매우 나쁨', 2단계 '나쁨', 3단계 '약간 나쁨', 4단계 '보통', 5단계 '약간 좋음', 6단계 '좋음', 7단계 '매우 좋음' 등으로 분류된다.MSI 레벨이 가장 낮은 수준인 1단계에서 가장 높은 수준인 7단계 쪽으로 바뀌면 해당 종목에 대해 온라인상에서의 반응이 부정에서 긍정으로 바뀌고 있다는 뜻으로 풀이할 수 있다.☞공감언론 뉴시스 jey@newsis.com▶ 네이버에서 뉴시스 구독하기▶ K-Artprice, 유명 미술작품 가격 공개▶ 뉴시스 빅데이터 MSI 주가시세표 바로가기&lt;ⓒ 공감언론 뉴시스통신사. 무단전재-재배포 금지&gt;
		]"
2021-03-18 17:05:38,"[쿠시먼앤드웨이크필드, 외식컨설팅전문가와 업무협약]",https://n.news.naver.com/mnews/article/014/0004603877?sid=101,"[




 [파이낸셜뉴스] 글로벌 종합부동산서비스 '쿠시먼앤드웨이크필드 코리아'는 김영갑 한양사이버대학 호텔외식경영학과 교수와 업무협약(MOU)을 체결했다고 18일 밝혔다. 상업시설 내 브랜드들의 역량을 강화하기 위한 차원이다.   이번 MOU로 쿠시먼앤드웨이크필드 코리아는 리테일 본부의 업무 완성도를 높이고, 이론과 실무의 탁월한 역량을 바탕으로 임대인과 임차인이 서로 연속성을 가지고 운영할 수 있는 공간을 제공하기 위한 서비스를 확대해 나갈 예정이다.   김 교수는 ‘한우다이닝 울릉’을 운영하는 ‘김인복 쉐프’등 수많은 F&amp;B 브랜드 대표들과 사제지간으로 인연이 깊다.   김성순 쿠시먼앤드웨이크필드 코리아 전무는 “이번 전략적 협업을 통해 당사 리테일 서비스 영역을 넓히고 상업시설에 완성도 있는 외식브랜드 구축은 물론이고 실력있는 개인 F&amp;B 브랜드들을 함께 육성하는 인큐베이터로서 보다 많은 클라이언트들과 연결되는 진정한 리테일 플랫폼으로 입지를 굳히는 계기가 될 것으로 기대한다“고 말했다.  ggg@fnnews.com 강구귀 기자   ▶ 헉! 소리나는 스!토리 뉴스 [헉스]▶ '아는 척'하고 싶은 당신을 위한 [두유노우]▶ 날로먹고 구워먹는 금융이슈 [파인애플]  ※ 저작권자 ⓒ 파이낸셜뉴스. 무단 전재-재배포 금지
		]"
2021-03-06 11:19:21,"[[단독] ""LH직원들 땅투기 완전 '꾼'아니면 상상도 못할 일""]",https://n.news.naver.com/mnews/article/009/0004759101?sid=101,"[
전문가도 혀내두른 LH직원 토지거래 수법상권·토지 분석가 김종율 대표 작심비판""1타강사한 LH직원은 내 강의 베껴"" 주장김종율 대표, 매부리TV ‘단독 인터뷰’



'옥탑방보보스' 김종율 대표 ""이거는 정답을 알고 문제를 푼거죠. (신도시로 지정될지) 몰랐다고요? 이거는 확신을 갖지 않으면 할수 없는 행동입니다.""상가·토지 부동산 전문가인 김종율 보보스부동산연구소 대표는 본지와 인터뷰에서 이번 LH직원들의 광명시흥 100억원대 토지거래에 대해 ""정말 꾼들이 하는 방식이다. (신도시로 지정된다는)확신이 있지않고서는 절대할수 없는 행동""이라면서 ""토지를 수용하고 신도시를 만드는 LH가 이런 일을 대규모로 집단적으로 벌였다는게 믿기지가 않는다""고 했다.  



김종율 대표 매부리TV인터뷰 화면 갈무리 김종율 대표는 삼성 홈플러스·GS리테일 등 대기업 점포개발본부를 거친 국내 유명 토지·상가 전문가다. 김종율 보보스부동산연구소 대표로 왕성한 강의 활동을 하고 있으며 유튜브에서는 '옥탑방 보보스'로 활동하며 많은 팬덤을 보유중이다. 그런 그가 이번에 LH직원들의 토지 거래를 작심 비판하고 나섰다. 특히 ""이번에 문제가 된 LH직원 '1타강사'는 내 강의를 듣고 강의 내용을 도용했다""고 주장했다.김 대표와의 인터뷰는 유튜브 채널 '매부리TV’에서 확인할수 있다. 다음인 김 대표와 일문일답-LH직원들의 토지거래를 보면서 '기가막힌' 부분은 무엇인가요. =대규모로 움직인점이죠. (올해 1월쯤)일반인들한테 소문이 나서 '이런 얘기(LH직원들의 땅 사들인다) 들어본적 있냐'고 저도 알았으니까요. '와 이럴정도면' 이건 거의 공공연한 비밀이구나 싶었어요. 지역공인중개사나 수강생 등 통해서 들었을때라도 (가담한LH직원들이)이렇게 많을 줄 몰랐어요. 주식시장에서도 회사 내부정보를 이용해서 자기매매를 한다든지 이런것을 금지시켜놓고 있는데요. 공기업에 있는 분들이 회사 내부정보를 이용해서 거래한거니까 정말 나쁘죠. 마치 회사 내부정보를 이용해서 임직원들이 작전주를 같이 투자했다고 할까요? 그런 느낌이에요. - LH직원들은 신도시로 지정될지 몰랐고 노후 대비를 위한 투자였다고 하는데요. =순거짓말이에요. 저는 현직에서 부동산 투자강의를 하는 사람인데요 수강생들이 정말 많은 얘기를 했어요. 2월3일까지 등기를 치는 조건으로 이땅을 사라고 중개사들이 정말 많이 얘기했어요. 중개사들이 오히려 직원들 통해서 소스를 흘려들은것 같아요. 물론 (광명시흥이)언젠가는 개발될 곳은 맞지만, 이걸 (신도시 지정되기전)1년전쯤에 샀다? 이거는 정답을 알고 문제를 푸는 것과 같아요. -LH직원들이 맹지를 샀다고 하는데요. 맹지거래는 무슨 의미인가요=이게 수용지가 될 거기 때문에 맹지여도 상관이 없는거죠.맹지는 일반적으로 쓰임새가 있는 땅이라고 보지 않잖아요. 수용지가 될때는 예상수용 보상가보다 싸게만사면 차액이 발생하거든요. 맹지라도 가격이 싸다면 투자를 할수 있었던거죠. 일반적인 거래나 일반적인 투자자라면 맹지 안삽니다. 그러나 (곧 수용될거니까) 우선 사놓은거죠. Q. LH 직원들이 땅을 사고 겨울에 묘목을 급하게 심었다고 알려졌는데요, 왜 그런걸까요?=이건 전문가 수준인데요. 묘목을 대량으로 심었으면 이건 100% 수용될걸 알고 한거에요. 농사를 짓고 있으면 영농보상을 받게 됩니다. 그런데 묘목이면요 나무가 성장했을때 기준으로 보상이 나와요. 그러니까 어린 묘목을 심어놓고 나중에 보상이 나오면 굉장히 많은 보상이 나오겠죠. 이거는 정말 꾼들이 하는 영역인데...Q. 이번에 또다른 LH직원은 토지경매 1타강사로 활동해서 비판을 받고 있는데요. 이분과 인연이 있으시다고요=실은 이분이 제 수강생이에요. 1년이상 제 수업을 들은 수강생이고요. 지금도 듣고 있습니다. Q. 이분이 LH직원인것은 알았나요?=전혀 몰랐고요. (그분의 강의를 들은)수강생들이 '원장님하고 내용이 같은 선생님이 있어요'라고 해서 흘려들었는데. 이번 사건이 터진후에 뉴스를 보고 (LH직원 1타강사의)이름을 확인한뒤 수강생 명단을 봤더니 그분 이름이 있더라고요. Q. LH직원 1타강사가 자신의 강의를 도용했다고 주장하시는데요 근거가 무엇인가요=사례라든지, 법적인 내용 설명이 너무 똑같고요. 이런물건이 좋은겁니다, 이런식으로 설명할때 사례가 똑같아요. 물론(경매)판례는 똑같이 쓸수는 있지만, 그것을 법을 해석해서 어디에 투자하는게 좋다, 이 설명이 똑같은거죠. Q. 지금 심경이 어떠신가요=적당히 베끼는 정도면 넘어갈수 있는 일인데, 공기업직원이 자기가 1타강사라고 하고 (심지어 내 강의를 그대로 베끼고)그러니까 굉장히 분노를 느끼게됩니다. 김 대표는 '토지 경매 1타 강사'로 유명세를 탄 한국토지주택공사(LH) 직원 A 씨가 자신의 강의를 표절했다고 주장하며, 그 근거를 블로그에 공개했다. 김 대표는 ""강의 내용이 너무 비슷해 충격을 받았다. 이러한 내용들을 수집한 후에 경찰에 고발을 검토하겠다""고 했다. 토지 경매 1타강사로 활동한 LH 직원은 유료사이트 강의 등을 통해 월 4억원의 수익을 올렸다고 알려졌다. 한편 이같은 문제가 불거진후 이 직원은 LH에서 직위해제된 상태다. 김 대표의 작심 인터뷰는 유튜브 매부리TV에서 확인할수 있다.  



 [이선희 기자]▶ '경제 1위' 매일경제, 네이버에서 구독하세요▶ 이 제품은 '이렇게 만들죠' 영상으로 만나요▶ 부동산의 모든것 '매부리TV'가 펼칩니다[ⓒ 매일경제 &amp; mk.co.kr, 무단전재 및 재배포 금지]
		]"
2021-03-19 17:37:02,"[[fn마켓워치]CBRE코리아, 지난해 부동산 투자 자문 1위]",https://n.news.naver.com/mnews/article/014/0004604522?sid=101,"[




 [파이낸셜뉴스] CBRE코리아는 RCA(리얼캐피털애널리틱스) 선정 2020년 한국 시장 부동산 투자 자문 분야 1위 및 10년 연속 글로벌 상업용 부동산 투자 자문 분야에서 1위를 달성했다고 19일 밝혔다.   RCA는 자산 거래 데이터를 바탕으로 매년 시장 가격, 투자 동향 등의 정보를 제공하는 상업용 부동산 시장조사 전문기관이다. 이번 RCA 조사는 전 세계 520개의 글로벌 상위 투자 자문사가 진행한 미화 4440억달러 규모의 자산 거래를 토대로 진행됐다.   CBRE코리아는 모든 상업용 부동산 유형에서 전체 29.1%의 시장 점유율과 함께 개발사업 자문에서 75.7%의 점유율을 기록했다.   글로벌 부문에서는 모든 영역의 자산 거래에서 24.2%의 시장 점유율과 함께 오피스, 물류, 리테일, 주택 및 개발 부지 등 대다수의 상업용 자산 매각 자문 분야에서 1위를 차지했다. 아시아 태평양 지역에서는 한국을 포함하여 인도, 싱가포르, 태국, 일본, 뉴질랜드에서 부동산 투자 자문 분야 1위를 기록했다.  ggg@fnnews.com 강구귀 기자   ▶ 헉! 소리나는 스!토리 뉴스 [헉스]▶ '아는 척'하고 싶은 당신을 위한 [두유노우]▶ 날로먹고 구워먹는 금융이슈 [파인애플]  ※ 저작권자 ⓒ 파이낸셜뉴스. 무단 전재-재배포 금지
		]"
2021-03-12 08:59:38,"[[마켓인사이트]부동산 담보로 돈 빌리는 기업들, 캠코 도움받기 더 쉬워진다]",https://n.news.naver.com/mnews/article/015/0004512040?sid=101,"[
≪이 기사는 03월09일(04:42) 자본시장의 혜안 ‘마켓인사이트’에 게재된 기사입니다≫앞으로 기업들이 부동산을 담보로 자금을 빌릴 때 한국자산관리공사(캠코)의 도움을 받기가 더 쉬워진다. 캠코의 지급보증을 받을 수 있는 재무적 요건이 완화될 뿐만 아니라 일부 기업은 보증을 받을 수 있는 금액도 늘어난다. 9일 금융투자업계에 따르면 캠코는 최근 담보부사채 발행기업 지원요건을 완화하도록 내부 규정을 변경했다. 바뀐 규정에 따르면 투자적격등급(신용등급 BBB- 이상)인 기업은 최근 3년 연속 이자보상배율(이자비용 대비 영업이익)이 1을 밑돌더라도 최근 2년 중 영업현금흐름이 흑자를 기록한 해가 있었다면 캠코의 지급보증을 받아 담보부사채를 발행할 수 있다. 2년 연속 영업현금흐름이 적자인 기업도 최근 3년간 이자보상배율이 1을 웃도는 해가 한 번이라도 있었다면 캠코의 지원을 받을 수 있다. 캠코는 그동안 신용도와 상관없이 이자보상배율이 3년 연속 1 미만인 기업은 지원 대상에서 제외해왔다.캠코는 보증할 수 있는 채권 금액 한도도 늘리기로 했다. A-등급 이상 기업은 최대 500억원, BBB급(BBB-~BBB+) 기업은 최대 400억원까지 보증을 서기로 했다. 지금까지는 모든 기업에 대해서 발행하는 담보부사채 중 300억원어치까지만 지급보증을 제공해왔다. 정부 기관인 캠코가 보증한 채권은 최상위 신용도인 AAA등급으로 발행되기 때문에 지원받는 기업들은 평소보다 자금 조달비용을 크게 줄일 수 있다. *일 민간 채권평가사들이 시가평가한 AAA등급 회사채 평균금리는 연 1.2**%에 불과하다.채권 투자자 모집에 걸려있던 제한도 다소 풀린다. 그동안 캠코가 보증하는 담보부사채는 불특정다수의 투자자를 상대로 하는 공모 발행만 가능했지만 앞으로는 금융당국이 인정한 적격기관투자가(QIB)를 상대로 채권을 사모로 발행하는 것도 허용된다. 사모 발행은 증권신고서 제출과 기관 대상 수요예측(사전 청약) 등의 여러 절차를 거칠 필요가 없어서 공모보다 신속하게 자금을 조달할 수 있다.캠코의 지원을 받을 수 있는 문턱이 낮아지면서 기업들로부터 큰 관심을 받지 못하는 담보부사채 시장이 조금 더 활기를 띨 것이란 기대가 나온다. 정부가 캠코를 보증기관을 세우는 내용을 담은 담보부사채 활성화 대책을 내놓은 지 4년이 지났지만, 엄격한 재무적 요건과 적은 신용공여(보증) 한도 때문에 지금까지는 두산, 이랜드리테일, AJ셀카 등 몇몇 기업만이 이를 활용하는 데 그치고 있다. 김진성/이현일 기자 jskim1028@hankyung.com▶ 경제지 네이버 구독 첫 400만, 한국경제 받아보세요▶ 한경 고품격 뉴스레터, 원클릭으로 구독하세요▶ 한국경제신문과 WSJ, 모바일한경으로 보세요 ⓒ 한국경제 &amp; hankyung.com, 무단전재 및 재배포 금지
		]"
2021-03-31 21:20:46,[[미리보는 이데일리 신문]나스닥서 날개 달라 K제약 미국행 러시],https://n.news.naver.com/mnews/article/018/0004890126?sid=102,"[
			[이데일리 박경훈 기자] 다음은 1일자 이데일리 신문 주요 뉴스다.△1면-나스닥서 날개 달자 K제약 미국행 러시-상의 방문한 文 “유영민·이호승 기업인 자주 만나라”-공수처 검·경, 수사권 협의 공회전-영등포역 2500가구, 쌍문역 1500가구…주민동의가 관건-[사설]졸속·마구잡이식 3·29 대책, 문제 모르면 그게 문제다-[사설]국세 감면액 눈덩이, 조세감면제도 정비 늦춰선 안돼△줌인&amp;-‘烘두사미’서 ‘烘기만성’으로…할 말 하는 곳간지기, 정세균 뒤잇나-상반기 내 ‘택시 합승’ 허용…유턴기업 산단입주 지원 강화△2·4 대책 1차 사업지 발표-용적률 상향 인센티브 준다지만…주민 동의, 서울시 협조 ‘산 넘어 산’-“공공개발 관심 없어” vs “최종 선정되길 원해”-LH사태 의식한 정부 “투기수요 유입 안되도록 철저 관리”△수사기관 협력 ‘공회전’-LH수사 우왕좌왕, 김학의 공소권 갈등…檢·警·公 ‘사정 삼각축’ 흔들-법조계 “檢 직접수사 범위 재조정해야”-“수사·기소 분리된 英…검찰·경찰 견제보단 협력에 방점”△K바이오 미국행 러시-쿠팡처럼 대박 나려면…파이프라인 차별화, 현지 네트워크 구축 나서야-“항암제 개발 코이뮨, 경쟁사 가치 급등. 나스닥 가면 3조원 가치 인정 받을 것”-나스닥 1~3부 존재…상장한다고 묻지마 투자땐 위험△기승전 ESG…어떻게 &lt;6&gt;KB금융그룹-종이통장·플라스틱카드 줄이고…ESG 금융상품 50조원까지 확대-“신용평가서도 ESG 중요성 커져…조달자금 제대로 쓰는지까지 점검”△정치-수세 몰린 與, ‘사과·읍소 모드’-조심조심 野, ‘사전투표’ 독려-서울시장 보선 마지막 여론조사…박영선 32% vs 오세훈 55.8·-정의용 “한·중 정상회담 등 고위급 교류 활성화 방안 협의”-‘미래 신산업 중심’ 일자리 창출엔 공감대△경제-산업생산·체감경기 코로나 이전 수준으로…봄기운 도는 한국경제-한은 작년 순이익 7.4조 ‘사상 최대’-文정부 마지막 최저임금 심의 시작…노사 극한대립 예고△금융-뉴딜펀드 인기에도…금소법에 손가락만 빠는 은행-우리銀 ‘마통’ 적게 쓰면 한도 축소-불법사금융 증가 막자…대부업체 부담 줄이기 나선 당국-푸본현대생명, 만기 전 보험료 환급 건강보험 출시△산업&amp;기업-대한항공 “아시아나 통합땐 年 4000억 시너지”-佛 유전자·세포치료제 CMO 품고 SK ‘바이오 밸류체인’ 탄탄해졌다-‘조카의 난’ 금호석화 박철완 결국 해임-현대모비스, 모빌리티 기술기업 전환…車 반도체도 내재화-“심해저 광물 사용 않겠다”…삼성SDI, ESG 고삐△산업-코로나 백신 보릿고개인데…수출 제한하면 ‘소탐대실’-CBDC 파일럿 시스템 한국은행, 구축 착수-“2030년 태양전지 효율 35% 달성”-‘소부장’ 강화 나선 중기부, 강소기업 30개사 추가 선정 △소비자생활-잘나가는 햄버거집 옆 둥지…도장깨기 나선 ‘노브랜드 버거’-꼬북칩 새 모델에 ‘꼬북좌’ 브브걸 유정-e커머스 힘 주는 아모레, ‘K뷰티’ 신화 다시 쓴다-창립 50돌 GS리테일 “합병 시너지로 2025년 매출 25조”△이데일리가 만났습니다-“틴소중립은 문명전환 작업…신기술 개발 지원해 산업발전 기회 삼아야”-“온실가스 배출 줄이려면…전력 과소비부터 해결해야”△증권&amp;마켓-‘메타버스’ 관련주 너무 올라…“새내기株 관심 가져볼만”-‘소유·경영’ 분리 안된 대형 비상장사 감사 강화-사후 적발에 방점 ‘공매도 대책’…동학개미 불만 잠재울까△증권-‘수兆원+α’ 이베이코리아 인수 4파전…‘쩐의 전쟁’ 치닫나-ESG 펀드 수탁 3조원 돌파 KB자산 연초보다 6000억원 늘어-이름값 높이고 몸값도 ‘쑥’…사모펀드 증시 ‘노크’-“K유니콘 상장 문턱 낮추고 개미 정보 접근성 높일것”△문화-“누구에게나 쉬운 ‘싸구려 오페라’ 어때요”-착각·오류로 인해 비틀린 기억 섬세하고 세련된 안무로 풀어내-인간의 추함 형상화…불편함이 웅장한 울림으로△스포츠-차상현 “기량 뛰어넘는 팀워크 믿고 있었다”-‘골프 여제’ 박인비 세계 1위 탈환 도전-최지만, 결국 수술대 3~5주 결장 예상-배선우 “통상 10승 넘어 20승까지 가아죠”-수원삼성, 전북현대 입단한 백승호와 법적 공방 예고-파울러, PGA 투어 텍사스 오픈서 마스터스 티켓 사냥△부동산-목동 11단지 최종 안전진단 탈락…재건축 훈풍에 찬물 끼얹나-5월 분양 성수기 돌입 5만 4286가구 일반 분양-“3기 신도시 창릉·교산서만 개발이익 10조원”-임대리츠 상가임대료 50% 감면·임대주택 임대료 2년 동결△피플-“공무원 시험도 구독 서비스 ‘9공구’로 준비해요”-뉴욕 한복판에 등장한…“대한민국 응원합니다”-카카오뱅크 대표 윤호영 2년 연임-염수경 추기경 “지도자들, 국민 섬기는 봉사자로 거듭나길”-한승용 서울대 교수 ‘4월 과학기술인상’-KT스카이라이프,. 김철수 사장 재선임-조계종, 화엄사 주지에 ‘덕문스님’ 임명-베스파 이완수 신임 대표-일진머터리얼즈 정병국 대표△전국-“내년 SH본사 이전 착공…신내 첨단산단과 시너지 효과 기대”-“서울의료원 응급의료센터 동북권 최고 치료센터 기대”-인천시, 전동킥보드 안전관리 5년간 598억원 투입한다-“올해도 벚꽃구경은 비대면으로”…여의도·석촌호수, 오늘부터 못갑니다△사회-사고 제로라더니 시속 120㎞ 급발진“…‘안전 대명사’ 볼보, 명성 금가나-신고해도 ‘순찰 강화’ 말뿐…일회성도 처벌 강화애야-경희대 경영대학원 ‘학위장사’ 적발-“노점상 재난지원금은 그림의 떡”…선거용 생색내기 논란-오늘부터 75세 이상 화이자 접종 시작박경훈 (view@edaily.co.kr)▶ #24시간 빠른 #미리보는 뉴스 #eNews+▶ 네이버에서 '이데일리 뉴스'를 만나보세요▶ 빡침해소, 청춘뉘우스 '스냅타임'＜ⓒ종합 경제정보 미디어 이데일리 - 무단전재 &amp; 재배포 금지＞
]"
2021-03-09 13:17:58,"[임기만료 앞둔 이현 키움증권 사장, 호실적에 연임 '청신호']",https://n.news.naver.com/mnews/article/629/0000071159?sid=101,"[




이현 사장이 이달 말 임기만료를 앞두고 있다. 이 사장의 임기는 이달 22일까지다. /더팩트 DB2018년 취임 이후 매년 성장[더팩트ㅣ박경현 기자] 이현 키움증권 사장의 임기만료가 이달 말로 다가온 가운데 연임 향방에 시선이 모이고 있다. 이현 사장은 지난해 기록적인 실적을 나타내는 등 임기 중 대체로 고른 성장을 이끌면서 무난한 연임이 점쳐지고 있다.9일 금융투자업계에 따르면 이현 사장이 이달 말 임기만료를 앞두고 있다. 이 사장의 임기는 이달 22일까지다.업계에서는 이현 사장이 키움증권을 이끌어 온 지난 3년 동안 꾸준히 직전해의 실적을 뛰어넘은 점과 지난해 역대 최대 기록을 달성시킨 점 등이 평가요소로 작용해 무난하게 임기가 연장될 것으로 예상하고 있다.이 사장은 지난 2018년 취임한 후 당해 전부문에서 고른 성장을 끌어냈다.이 사장 부임 첫해인 2018년 키움증권은 영업이익 2321억 원, 순이익 1911억 원을 각각 기록했다. 이는 직전해인 2017년의 실적을 넘어선 기록이다. 2017년 키움증권의 영업이익과 순이익은 2277억 원과 1833억 원으로, 2018년에는 이보다 각각 2%, 4% 증가했다.당시 리테일과 홀세일, IB(투자은행) 전 부문에서 고른 성장을 이끌어냈다는 평가다. 특히 2018년 말에는 주식시장 급락으로 인해 PI(자기자본투자)부문의 손실(547억 원)이 발생했음에도 전년도를 뛰어넘는 실적을 기록했다.2019년 실적 역시 우수했다. IB부문과 홀세일부문의 호조에 힘입어 영업이익 3498억 원을 기록했다. 전년 대비 51% 증가한 수치다. 순이익도 2860억 원에 달해 직전해 대비 50% 늘었다.이 사장은 특히 지난해 전례없는 수준의 실적을 기록하며 연임 청신호를 위한 쐐기를 박았다.키움증권은 신종 코로나바이러스 감염증(코로나19) 확산으로 증시가 폭락했던 지난해 개인투자자들의 대거 유입 등에 힘입어 창사 이래 역대 최대 실적을 달성했다.지난해 영업이익(연결기준)은 전년동기대비 101.6%% 증가한 9549억 원, 당기순이익은 91.3% 증가한 6939억 원을 기록했다. 특히 지난 3분기에는 영업이익으로 3555억 원을 기록하면서 증권업계 1위를 차지했다.지난해 '역대급' 실적 기록에는 개인투자자들의 주식 투자 열풍으로 리테일부문이 급성장한 것이 주효했다. 지난 한해 신규 계좌는 333만개가 개설되며 전년 68만 계좌 대비 389.6% 늘었다. 이에 주식 전체 브로커리지 순영업수익이 전년 971억 원 대비 290% 증가하면서 리테일부문 전체 수익을 끌어올렸다. 리테일부문 전체 순영업수익은 전년대비 115.8% 증가한 7206억 원을 달성했다.IB부문 역시 지난해 코로나19 위기에도 회사채 인수 주선 및 부동산 금융 등이 견조한 성장세를 냈다. 이에 순영업수익 1716억 원을 기록하며 전년대비 34% 증가한 성과를 달성했다. 홀세일부문과 PI부문 순영업수익도 전년 대비 증가세를 나타냈다.



키움증권은 지난해 영업이익(연결기준)으로 전년동기대비 101.6%% 증가한 9549억 원, 당기순이익은 91.3% 증가한 6939억 원을 기록했다. /더팩트 DB키움증권 안팎에서는 이 사장의 연임 가능성이 매우 높을 것으로 예상하고 있는 상황이다. 이 사장의 지휘 아래 이뤄낸 지난해 실적이 결정적 역할을 한 것으로 분석된다. 연임 결정에는 우수한 성과와 더불어 회사 성장에 기여한 부분이 평가 요소가 된다.특히 업계에서는 키움증권이 올해에도 성장세를 나타내고 있어 이러한 흐름을 이어가는 상황에서 대표가 교체될 가능성은 사실상 매우 희박할 것으로 보고 있다.키움증권은 지난 1월 국내주식 일약정, 해외주식 월 약정, 신규계좌개설 등 리테일 부문에서 신기록을 경신했다. 지난 1월 11일 키움증권의 국내주식 일 약정금액은 28조8000억 원으로 역대 최고 기록을 달성했다.한 금융투자업계 관계자는 ""이현 사장은 지난 임기 동안 금융플랫폼 강자의 면모를 공고히 했고 올해에도 신규 계좌개설이 폭발적으로 증가하는 등 기대감을 끌어올리고 있는 상황""이라며 ""앞서 임기 중에도 리테일부문의 비약적 성장과 사업 전 부문의 고른 성장을 이뤄냈기 때문에 사실상 연임이 확실시 될 것으로 보인다""고 전망했다.이 사장의 최종 연임 여부는 이후 진행 될 정기주주총회를 통해 확정 될 전망이다.이 사장은 서강대학교를 졸업하고 고려대학교 경영학 석사, 국민대학교 경영학 박사를 수료했다. 지난 1981년 조흥은행에서 시작해 1989년 동원증권을 거쳐 2000년 키움증권에 입사했다. 2013~2015년에는 키움저축은행 대표를, 2016~2017년에는 키움투자자산운용 대표직을 지냈다. 이후 키움저축은행과 키움투자자산운용에서의 성과를 인정받고 2018년 키움증권 대표직에 올랐다.pkh@tf.co.kr - BTS 공연 비하인드 사진 얻는 방법? [팬버십 가입하기▶]   - 내 아이돌 순위는 내가 정한다! [팬앤스타 투표하기] 저작권자 ⓒ 특종에 강한 더팩트 &amp; tf.co.kr 무단 전재 및 재배포 금지
		]"
2021-03-02 11:24:02,[견조한 주가·높은 배당률…주목받는 리츠株],https://n.news.naver.com/mnews/article/016/0001800718?sid=101,"[
변동성 장세속 상대적 강세5~7% 안정적 배당 수익 매력백신접종 순조 경제 정상화 기대올해도 신규 상장·증자 순풍 전망



코스피가 급등락 장세를 연출하고 있는 가운데, 상대적으로 견조한 주가와 높은 배당을 자랑하는 리츠주들이 주목받고 있다.2일 한국거래소에 따르면 리츠섹터로 분류된 13개 리츠 상장사 가운데 9개 리츠 상장사가 지난 1개월 간 플러스 수익률을 기록한 것으로 나타났다.쿠팡 상장 수혜주로 주목 받은 물류형리츠인 ESR켄달스퀘어리츠의 월간 수익률이 3.4%를 기록했으며, 신한알파리츠도 3%의 월간 상승률을 나타냈다. 같은 기간 코스피 대비 상대 수익률에서도 ESR켄달스퀘어리츠가 6.9%, 신한알파리츠가 6.5%를 기록했다. 이 기간 하락한 리츠주들은 이지스레지던스리츠, 케이탑리츠, 이지스밸류리츠, 롯데리츠 등 4개에 그쳤다.이를 변동성이 정점에 달했던 지난주로 좁혀 봐도 국내 리츠는 0.7% 하락하며, 코스피지수의 하락폭인 (-3.1%)를 2.4%p 상회했다. 이 기간 신한알파리츠(2.1%), 이리츠코크렙(0.4%), 미래에셋맵스리츠(1.8%), 코람코에너지리츠(0.2%) 등은 주가가 오히려 올랐다.리츠주들이 이처럼 변동성 장세 속에서 견조한 주가 흐름을 보이는 데는 투자 부동산에서 안정적으로 발생하는 배당 수익률이 보장되기 때문으로 분석된다.제이알글로벌리츠와 이리츠코크랩의 배당률은 7%에 달하며, 롯데리츠의 배당률도 6.5%를 나타내고 있다. 신한알파리츠와 ESR켄달스퀘어리츠의 배당률도 4%를 훌쩍 넘으며 저금리 시대 안정적 투자처로 주목받고 있다.각각의 결산월을 활용해 매달 안정적인 배당 수익 창출도 가능하다. 현재 ESR켄달스퀘어리츠와 코람코에너지플러스리츠·미래에셋맵스리츠·NH프라임리츠는 매년 5월과 11월 두 번에 걸쳐 결산해 배당한다. 또 제이알글로벌리츠와 이지스레지던스리츠·롯데리츠·이리츠코크렙은 매년 6월 12월 결산한다. 이밖에 이지스밸류리츠는 2월과 8월, 신한알파리츠는 3월과 9월, 모두투어리츠·케이탑리츠·에이리츠는 12월에 결산한다.높은 배당률과 함께 코로나19 백신의 본격 접종에 따른 경제 정상화로 수익형 부동산이 수혜를 입을 것이란 기대감도 리츠주들의 견조한 흐름에 일조하고 있다는 분석이다.이에 지난해 두자릿수를 돌파한 리츠주들의 신규 상장과 증자도 이어질 전망이다. 데이터센터와 물류 등에 특화된 리츠 등의 상장이 예정돼 있다.이지스자산운용은 북미 데이터센터 14곳에 간접 투자하는 이지스하나글로벌 리츠를 준비 중에 있고, 용산 드래곤시티호텔과 인천 스퀘어원 쇼핑몰을 기초자산으로 한 신한서부티엔디리츠도 상장이 예정돼 있다. 디앤디 멀티에셋리츠는 일본 가나가와현의 오다와라 아마존 물류센터를 자산으로 편입한다. 이밖에 롯데리츠는 3475억원 규모 유상증자를 위해 오는 8~9일 주주들을 상대로 청약을 진행할 예정이다. 신주 발행 예정가격은 4895원이다. 롯데리츠는 증자 자금으로 롯데 계열 리테일(소매) 점포를 인수할 계획이다.이경자 삼성증권 연구원은 “과거 경기 사이클별로 리츠 성과를 복기해보면, 일반적으로 경기 회복기 리츠 성과는 타 섹터 대비 좋았다”라며 “팬데믹 기간 하락폭이 컸던 리츠에 대해 관심을 가져야 할 시기”라고 말했다. 정순식 기자▶환경적 대화기구 '헤럴드에코'▶밀리터리 전문 콘텐츠 ‘헤밀’▶헤럴드경제 네이버 채널 구독- Copyrights ⓒ 헤럴드경제 &amp; heraldbiz.com, 무단 전재 및 재배포 금지 -
		]"
2021-03-16 11:33:19,"[""韓 이커머스 성장에 물류부동산 활황…중장기 수요는 둔화""]",https://n.news.naver.com/mnews/article/018/0004876794?sid=101,"[
이지스자산운용 리서치센터 보고서[이데일리 이은정 기자] 국내 이커머스 시장이 성장하면서 단기적으로 물류부동산 활황이 지속될 것이라는 관측이 나왔다. 다만 밀집된 인구 분포와 기술의 발전 등 요인으로 중장기 수요는 둔화될 전망이다. 



16일 이지스자산운용 리서치센터는 물류부동산 시장에 대한 보고서를 통해 국내 온라인 쇼핑 거래액이 2017년부터 매년 약 20%의 성장률을 기록, 택배 물동량도 크게 증가한 것으로 나타났다고 밝혔다. 보고서는 우리나라와 글로벌 이커머스 기업의 물류센터 내부와 물류처리 프로세스를 비교해 각 회사별 물류센터 프로세스와 자동화율의 차이에 대해서도 설명했다. 향후 동일한 물동량 처리 시 필요한 물류센터 면적은 점점 줄어들 것으로도 예상했다. 물류센터 프로세스와 자동화율의 차이는 시간당 물류센터 처리가능 물동량과 연계되는데, 그 중 중국 징둥(京東) 스마트 물류센터의 사례를 제시했다. 이지스자산운용 측은 “징둥의 스마트 물류창고의 단위 면적당 일일 처리가능 물동량은 기존의 일반 물류센터보다 약 10배가 더 많다”며 “각 국가와 기업마다 물류 특성이 달라 단순 비교는 어려우나, 향후 로봇과 인공지능(AI) 등 기술 도입 시 처리가능 물동량이 늘어나 효율성이 크게 증가할 전망”이라고 전했다. 또한 물류배송 네트워크 전략에 대해서도 소개했는데 한국은 수도권에 인구가 집중된 국가 특성상 물류배송 네트워크가 빠르게 구축될 가능성이 높고, 그 이후는 도심의 라스트 마일(Last Mile·유통업체 상품이 목적지에 도착하기까지 전 과정)센터가 더 큰 중심점이 될 것으로 전망했다.이지스자산운용은 한국과 중국, 미국의 물류부동산 시장을 비교하면서 국내는 이커머스 시장 확대로 인해 단기적으로 수요가 크게 증가할 것이라고 봤다.이지스자산운용 측은 “올해 수도권 및 천안지역의 예정 신규 공급량인 약 94만평을 제외하면 2025년까지 연평균 40~50만평의 이커머스 물류센터가 추가로 필요할 것”이라며 “중장기적으로는 기술의 발전에 따라 필요 물류센터 면적 및 인구 감소에 따른 시장 축소 등의 리스크로 시장이 둔화될 가능성이 큰 것을 시사한다”고 설명했다. 아울러 중국과 미국에 대해서는 “중국은 전 세계에서 이커머스 침투율 이 가장 높고, 이미 배송 네트워크가 표준화돼 물류센터 관련 기술도 세계 최고 수준”이라며 “미국의 경우에도 기존 리테일시장에서 이커머스의 침투율이 높지 않았으나, 코로나의 영향으로 시장이 확대되면서 매출이 크게 증가해 최근 미국 내 물류센터 수요가 공급을 앞지르게 됐다”고 전했다. 한편, 보고서에 대한 자세한 내용은 이지스자산운용 홈페이지 ‘인사이트’ 코너에서 확인할 수 있다.이은정 (lejj@edaily.co.kr)▶ #24시간 빠른 #미리보는 뉴스 #eNews+▶ 네이버에서 '이데일리 뉴스'를 만나보세요▶ 빡침해소, 청춘뉘우스 '스냅타임'＜ⓒ종합 경제정보 미디어 이데일리 - 무단전재 &amp; 재배포 금지＞
]"
2021-03-11 14:22:58,"[[경제 완전정복] 쿠팡 공모가 35달러…72조원, 미국시장이 쿠팡을 높이 평가한 이유는?]",https://n.news.naver.com/mnews/article/214/0001105253?sid=101,"[
			[뉴스외전]“美 상장 쿠팡 공모가, 주당 35달러‥기업가치 72조 원""“쿠팡 기업가치 고평가 배경‥한국 이머커스 시장의 성장 가능성에 투자” “한국 이커머스 영업 시장 규모 550조 ”“쿠팡, 아마존처럼 생활 플랫폼 된다면‥ 70조 가치 평가 충분” 쿠팡, 공모가 35달러 책정…""손정의, 20조 '잭팟'""“1억 2000만 주 ‥조달 금액 최대 5조 원” “쿠팡 투자? 개인 IPO 공모주 투자는 사실상 불가능”'공모가 주당 35달러' 쿠팡‥ 관련주 다시 '출렁’쿠팡, 美증시 상장 후 주가‥‘금리 상승‧기술주 하락’ 악재 영향 받을 수도=====================“은행 가계대출 1000조 원‥ 주택담보대출 증가세 지속 ”“은행 가계대출 80%, 주택과 부동산 관련 대출”“빚 증가 속도 빨라져‥ 금리 상승 땐 가계·경제 큰 부담”◀ 앵커 ▶미국 뉴욕증권거래소의 상장을 앞둔 쿠팡의 주식 공모가가 약 35달러로 정해졌다는 보도가 나왔습니다.정철진 경제평론가와 자세히 짚어보겠습니다. 어서 오세요.◀ 정철진/경제평론가 ▶안녕하십니까?◀ 앵커 ▶35달러, 예상보다도 높은 거죠?◀ 정철진/경제평론가 ▶굉장히 높은 것 같습니다.30달러였다가 조금 더 높여졌다가 최종적으로 35달러로 공모가가 확정이 됐습니다.이렇게 돼서 역추산해서 지분으로 평가해 봤더니 공모가 기준입니다.630억 달러, 원화로 71조 원, 72조 원 정도의 사이즈였는데요.당초에 상당수 전문가들 레인지는 있었지만 300억 달러 정도, 30조 원만 인정받아도 대박이고 대단하다고 생각을 했는데.◀ 앵커 ▶그 두 배가 넘는 거네요?◀ 정철진/경제평론가 ▶그래서 72조 원의 가치를 인정받게 되고 이게 본격적으로 상장을 했어요, 11일 오늘.그래서 거래가 되기 때문에 그 결과까지 지켜보면 될 것 같습니다.◀ 앵커 ▶그런데 지금 미국에서는 기술주들 좀 떨어지고 있는 상황인데요.이렇게 높게 평가받은 배경이 뭘까요?◀ 정철진/경제평론가 ▶그렇죠.또 이렇게 가치 평가 받는 걸 보고 답답해하시는 분들도 있고 왜냐하면 쿠팡이라는 회사가 사업하는 곳은 우리나라거든요.그런데 우리나라에 우리가 처음에 드는 생각은 그런 어떤 유통 쪽으로 봐서 백화점 떠올리는 거 아닙니까?기존에 상장돼 있는 백화점, 신세계, 현대백화점, 롯데쇼핑들 다 합쳐서 시가총액이 10조 원도 안 됩니다.9조도 안 되거든요.그런데 어떻게 쿠팡은 미국에서 70조냐.미국의 그런 어떤 전통적인 역시 돈이를 많은 곳에 가야 하는 거냐고를 생각할 수 있겠지만요.현재 투자자들은 우리나라의 전체 이커머스 시장을 바라보고 쿠팡을 평가한다, 이런 분석이 지배적입니다.현재 우리나라 커머스 시장이 연간 160조, 많게는 170조, 150조 정도가 되는데 전체 리테일 시장이 한 550조 정도가 되는 거예요.이중에 우리의 이커머스 비중이 한 35% 정도가 되는데 앞으로는 이커머스가 더 커지면 커졌지 줄어들면 줄지 않을 거 아니겠습니까?그러니까 앞으로 쿠팡에 뛰어서 움직일 시장 사이즈는 160조짜리가 아니라 200조 나아가서 300조, 400조 정도로 될 거니까 거기에서 쿠팡이 지배적 사업자가 된다면 또 아마존처럼 생활 플랫폼으로 커간다면 70조의 밸류에이션을 줘도 된다는 평가인 것 같습니다.◀ 앵커 ▶시장은, 미국 시장은 하여튼 쿠팡이 지배적 플레이어가 될 것으로 예상을 한 거군요, 어느 정도.◀ 정철진/경제평론가 ▶두 가지를 같이 본 거죠.한국의 이커머스 시장도 커질 것이고 그중에서 쿠팡도 더 버텨낼 수 있을 것이다라는 두 가지입니다.◀ 앵커 ▶그런데 쿠팡 72조 이야기를 딱 들으니까요.한 명이 생각나는데 손정희 회장.◀ 정철진/경제평론가 ▶그렇습니다.◀ 앵커 ▶좋겠습니까?◀ 정철진/경제평론가 ▶확실히 승부사고요.돈을 버는 사람이 또 버는 것 같습니다.당초에 쿠팡 계속 적자날 때 2조씩, 1조씩 계속 수혈할 때 못 버티고 저러다 끝나는 건가 이런 어떤 우려도 있었는데 결국 이번에 승부를 냈고요.전체 지분 구조를 보면 손정희 소프트뱅크의 지분 구조가 39% 약 40%를 가지고 있거든요.그러니까 기계적 계산을 해도 7, 4, 24.24조 원 정도의 사이즈로 몸집을 불리게 됐고요.참고로 말씀드리면 제가 70조, 630억 달러라고 이야기했지만 이번에 공모되는 것은 약 1억 2000만 주, 달러로 하면 42억 달러, 원화로 하면 한 5조 원 정도만 자금 조달이 됩니다.뉴욕 NISE에서 거래가 되는 거니까 어쨌든 5조 원 정도의 숨통은 자금 조달이 됐기 때문에 쿠팡은 트이게 된 것이고 여러 보도들이 됐지만 이거를 가지고 여러 가지 물류 투자, 시설 투자.쿠팡의 물류 배송으로 머무를 생각은 없는 거 아닙니까?마치 아마존 모델처럼 이제 OTT 콘텐츠 방송으로도 나가고요.거기에 대한 준비를 한다고 합니다.◀ 앵커 ▶실탄은 어마어마한 실탄은 장전을 했군요.◀ 정철진/경제평론가 ▶챙겼습니다.◀ 앵커 ▶손정희 회장은 어떤 안목은 대단한 것 같습니다.지금 보면.결과적으로 보면.◀ 정철진/경제평론가 ▶그렇죠.이런 투자도 잘하고 여담이기는 하지만 작년에 나스닥이 자고 일어나면 오르고 떨어질 것 같아도 오르고 또 오르고, 또 오르고 했을 때 나스닥 시장을 당겼던 나스닥 고래, 콜옵션 대거 투자자가 손정희 회장이었다 해서 어마어마한 차익을 단기적으로도 거둬드리고요.이래저래 투자, 돈에 대해서는.◀ 앵커 ▶대단한 사람인 건 맞는 것 같습니다.◀ 정철진/경제평론가 ▶그런 것 같습니다.◀ 앵커 ▶그런데 많은 사람이 궁금해하는 게 나는 쿠팡 투자할 수 없나, 이런 생각을 하는 분들도 있을 텐데요.◀ 정철진/경제평론가 ▶뉴욕 같은 경우에는 우리는 SK바이오스처럼 개인에 대한 공모주 청약들을 많이 받고 있는데 NISE는 그 자격들을 굉장히 엄격하게 규제해서 우리나라 일반인이 하기에는 힘들 것 같고요.본격 상장이 되면 마치 서학개미들이 테슬라 사고.◀ 앵커 ▶상장되면 거래하는 거는 가능해도.◀ 정철진/경제평론가 ▶거래에 뛰어들어서 사면 될 것 같고.◀ 앵커 ▶공모주를 사기는 어렵다는 말씀이시죠?◀ 정철진/경제평론가 ▶아마 35달러가 공모가인데 첫 거래시작됐을 때 가격 추이, 이런 것들이 굉장히 중요할 것 같고 오늘 국내 시장에서는 관련주들이 또 한 번 들썩들썩 댔습니다.그동안에 쿠팡이 상장된다는 이슈 때문에 큰 틀에서의 연관 주들, 가령 물류를 책임졌던 회사라든가 또 OTT 서비스를 담당했던 회사라든가 그 외에 전자상거래를 만든 회사, D사라든가.◀ 앵커 ▶예를 들면 네이버 이런 데도 출렁거리나요?◀ 정철진/경제평론가 ▶또 다른 차원이죠.거기는 한창 떨어진 쿠팡 관련주고요. 아예 저스틴 쿠팡 관련주들은 2배, 3배 오른 곳들도 있습니다.그래서 오늘 이쪽에 급등락을 한 곳은 곧 상장이 돼서 봐야 하잖아요.그때 마지막 피치를 보고 아마 이번에 큰 틀에서의 테마는 마무리되지 않을까 보고 있고요.그 다음 바통은 말씀하신 대로 우리에 있는 네이버라든가 카카오라든가 이런 주식들에 대한 문제.또 시장에 대한 흐름들이 나오게 될 텐데 지금 가장 많이 언급되는 있은 이합집산, MNA가 빠르게 나올 것이라는 분석이 지배적입니다.왜냐하면 쿠팡이 저렇게 잘 됐으니까 빨리 해야 하는데 현재 쿠팡의 최고 경쟁자, 오히려 거래액으로 따지면 쿠팡을 앞서거니 뒤서거니하는 게 네이버인데 요즘에는 네이버 쇼핑이죠.그러니까 지금 CJ대한통운이라든가 이마트라든가 모여서 지금 싸움은 이커머스에서는 아직 우리나라에 절대적, 지배적 사업자가 없습니다.보통 우리가 35%, 40%를 가졌을 때 아마존 같은 모델이죠.위너를 하게 되는데 지금은 단 13%, 15% 정도.◀ 앵커 ▶그중에 1등은 어디인가요?네이버인가요?◀ 정철진/경제평론가 ▶네이버 쇼핑이 거래액으로는 더 앞서고요.그런데 네이버 쇼핑과 쿠팡이 이제 비등비등하게 되고 있습니다.그래서 그들도 힘을 뭉쳐서 빨리 선점하려고 가고 있는데 오늘의 시장은 네이버와 카카오를 놓고 보면 카카오의 주가가 훨씬 더 많이 올랐는데요.아직 회사 공시라든가 나오지는 않았습니다만 이베이코리아라고 알짜 매물이 있습니다.흑자를 내고 있는 회사죠.지금 조심스럽게 시장에서는 카카오와 이베이코리아의 M&amp;A 가능성, 카카오도 워낙 실탄이 많으니까요.그런 것들이 나면서 당분간 미국에서는 쿠팡이 상장이 되고요.국내에서는 이런 M&amp;A들을 통해서 누가 더 빨리 몸집을 불려서 효과적으로 지배적 독점 사업자가 되느냐에 대한 싸움들이 진행될 것 같습니다.◀ 앵커 ▶그러면 당장 투자자들이 궁금한 거는 그런 회사들도 궁금하지만 쿠팡 주가가 과연 어떻게 될 것인가.계속 이렇게 고공행진을 할 수 있나, 이거인데, 물론 예측하기는 누구도 모르겠지만 어떻게 보세요?◀ 정철진/경제평론가 ▶일단은 유동성 흐름에서는 괜찮을 것 같고요.급리가 전체적인 기술주와 성장주와 나아가서 이런 플랫폼 관련주들을 지금 영향을 미치지 않습니까?그런데 성장 시기도 다행인 것이 오늘 새벽에 미국에 국채 입찰이 계속 있었는데 10년 만에 국채 입찰이 나름 괜찮았습니다. 대단한 흥행은 아니었는데 어쨌든 2배 이상에 몰려서 응찰자들이 몰려서 1.5% 언저리에서 마무리가 됐고 30년 만기 국책 물량까지 소화가 되면 금리 이슈가 잦아든다는 가정하에서는 글쎄요.긍정적인 효과도 있을 것 같지만 큰 틀에서 또다시 급리 요동치고 어쨌든 최근의 기술주 영향이 나온다면 오히려 거기에 대한 악재도 받을 수 있을 것 같습니다. ◀ 앵커 ▶금리 말씀이 나와서 다른 질문을 드리겠는데요.지금 가계 부채, 은행원에서 대출한 가계 부채 규모가 어마어마하던데요, 그렇죠? 1000조?◀ 정철진/경제평론가 ▶우리가 가계부채 할 때 1700조 시대라고 할 때는 신용까지도 다 합친 시대인 거고요.은행권에 있어서 우리가 아주 협의회 대출이라고 하는 그것이 파악이 됐는데 역사상, 통계 집계상 최초로 1000조 원을 넘었습니다.1003조 원이었고 이걸 제가 분야로 나눠봤더니 주택담보대출이 733조, 그리고 기타 대출이 268조가 되는데.◀ 앵커 ▶역시 집으로 흘러갔다?◀ 정철진/경제평론가 ▶그런데 그 기타 대출도 잘 보시면 전세담보대출도 또 집이죠.그리고 신용대출이 최근에 급증 을했는데 특히 이제 작년 올해 보면 신용대출이 많이 늘어난 것도 봤는데 이것도 결국은 집 사는데 들어갔다는 가능성이 높아요, 물론.◀ 앵커 ▶가계부채의 절대 포션이 집으로 흘러들어 갔다, 이렇게.◀ 정철진/경제평론가 ▶현재 우리나라 은행권의 현재 가계대출의 거의 80%는 집이랑 부동산이랑 엮인 대출이니까 이거를 어떻게 생각해보면 담보가 있으니까 안전해라고 생각할 수 있겠지만 만에 하나 금리가.◀ 앵커 ▶집값이.◀ 정철진/경제평론가 ▶집값이 떨어지게 된다든가 하면 상당히 이게 시한폭탄도 될 수 있는 양날의 검이거든요.그런 차원에서의 또 문제 제기들이 나오고 있고 이렇게 되니까 트리플 천조라고 하죠.지금 원화 대출, 기업들의 원화 대출도 1000조, 국가 협의회 부채도 1000조, 은행권만의 가계부채도 1000조.1000조, 1000조여서 지금은 금리 상태가 높은 편은 아니지만.◀ 앵커 ▶금리가 그런데 굉장히 불안하네요.◀ 정철진/경제평론가 ▶당분간은 그런 우려들은 남아 있을 것 같습니다.◀ 앵커 ▶금리 부분은 주식 투자를 하는 분도 그렇고 집을 또 대출을 통해서 사신 분도 그렇고.◀ 정철진/경제평론가 ▶부동산.◀ 앵커 ▶굉장히 지켜봐야 할 주요 변수인 것 같습니다.늘 말씀드리지만.◀ 정철진/경제평론가 ▶그렇습니다.◀ 앵커 ▶오늘 말씀 여기까지 듣겠습니다.감사합니다.MBC 뉴스는 24시간여러분의 제보를 기다립니다. ▷ 전화 02-784-4000▷ 이메일 mbcjebo@mbc.co.kr▷ 카카오톡 @mbc제보[저작권자(c) MBC (https://imnews.imbc.com) 무단복제-재배포 금지]▶ 네이버 홈에서 [MBC뉴스] 채널 구독하기▶ 새로움을 탐험하다. ""엠빅뉴스""▶ 여론조사를 팩트체크하다.Copyright(c) Since 1996, MBC&amp;iMBC All rights reserved.
		]"
2021-03-14 11:02:08,[B2C냐 B2B냐···캐피탈사 앞 갈림길],https://n.news.naver.com/mnews/article/008/0004556789?sid=101,"[
			[머니투데이 김세관 기자] 



소매금융(리테일) 위주 금융 상품 취급을 해오던 국내 캐피탈사 포트폴리오가 전환기를 맞고 있다. 주요 캐피탈사가 기업대출과 부동산 프로젝트파이낸싱(PF) 등 기업금융 영역으로 영토를 점차 늘리고 있어서다. 리테일로 성장한 상위권은 여전히 가계금융 비중이 높지만 안심할 수 없다. 경영 전략에 따라 주 사업 모델이 갈림길에 섰다는 분석이다. 10일 한국신용평가에 따르면 2018년말 33%였던 국내 캐피탈사 기업금융(기업대출, 부동산PF, 투자금융) 비중이 지난해 9월 41%까지 빠르게 늘어난 것으로 나타났다. 반면 가장 큰 비중을 차지한 자동차 금융 비중은 같은 기간 43%에서 37%로 감소했다. 과거에도 캐피탈사가 기업금융을 주 상품으로 취급했던 적이 있다. 하지만 1998년 외환위기(IMF사태)와 2008년 글로벌 금융위기를 거치면서 큰 타격을 입고 비중은 급감했다. 지난 10여년 간 담보 설정이 수월한 자동차금융과 서민·중소기업·소상공인 위주 소매금융 중심으로 포트폴리오를 바꾼 것은 나름 사업체질을 개선한 것이다. 하지만 코로나19(COVID-19) 팬데믹(감염병 대유행)이라는 또 한번의 변수가 찾아왔다. 글로벌 금융환경 변화가 급속히 이뤄지면서 기업금융은 다시금 캐피탈 업권을 자극하고 있다.  신한캐피탈은 지난해 계열사 신한카드에 1조원대의 자동차·리테일 금융자산을 양도하고 기업금융에 올인하고 있다. 나이스신용평가에 따르면 지난해 9월 기준 신한캐피탈 기업금융대출은 5조4606억원으로 전체 대출의 93%를 차지한다. 기업금융 모델이 이전부터 주를 이뤘던 캐피탈사는 그 규모를 늘리고 있다. IBK캐피탈은 기업금융대출을 2015년말 2조8869억원에서 지난해 9월 5조5951억원까지 두배나 확대했다. 메리츠캐피탈도 같은 기간 1조2983억원이던 기업금융대출을 2조4036억원으로 늘렸다.기업금융과 가계금융을 균형있게 다루던 캐피탈사도 최근 쏠림이 눈에 뛴다. 2015년말까지만 해도 가계금융대출(1조4052억원)이 기업금융대출(1조2188억원)보다 많았던 하나캐피탈은 2020년 9월에는 기업금융대출을 2조5145억원까지 늘렸다. 가계금융대출(2조2967억원)보다 많은 비중이다. 우리금융캐피탈(舊아주캐피탈)도 2015년말에는 가계금융대출이 1조7025억원으로 기업금융대출 1조6752억원보다 많았다. 하지만 지난해 9월엔 가계금융대출은 제자리(1조7033억원)에 머문 반면 기업금융대출은 2조8120억원으로 늘었다. 이런 변화는 경쟁심화 분위기 속에서 이뤄지고 있다. 카드사 등이 캐피탈사 주력이던 자동차금융 시장에 진입하는 속도가 빨리지고 있다. 카드사 레버리지 배율은 6배에서 8배로 커졌는데 캐피탈사는 10배에서 8배로 축소되는 등의 규제 환경이 바뀌었다. 더이상 리테일에선 수익성을 기대하기 어려운 상황이 조성되면서 과거 생존을 위해 기업금융으로 다시 유턴할 수 밖에 없다는 분석이다.소매금융 수요가 현대캐피탈과 KB캐피탈 등 업계 상위권에만 몰리는 것도 큰 요인이다. 성장 한계가 뚜렷한 중소형 캐피탈사는 살아남기 위해 기업금융을 택할 수밖에 없다. 실제 자산순위 업계 1위 현대캐피탈은 2015년 1조9991억원이었던 기업금융대출을 지난해 1조6843억원으로 오히려 줄였고, 가계금융대출은 6조7450억원에서 7조8937원으로 늘렸다. 업계 2위 KB캐피탈도 같은 기간 가계금융대출이 2조89억원에서 3조6654억원으로 증가했다. 캐피탈사 관계자는 ""기업금융은 리테일에 비해 리스크가 크지만 손이 덜가고 수익률이 좋다""며 ""기존 리테일 강자는 장점을 그대로 살리고, 새 수익원을 모색하는 업체들은 기업금융에 힘을 싣는 양자택일 흐름이 가속화 할 것""이라고 말했다.김세관 기자 sone@▶부동산 투자는 [부릿지]▶조 변호사의 가정상담소▶줄리아 투자노트 &lt;저작권자 ⓒ '돈이 보이는 리얼타임 뉴스' 머니투데이, 무단전재 및 재배포 금지&gt;
		]"
2021-03-25 19:32:02,"[[2021 유통포럼] '유통 테크노믹스' 시대, 인간 중심 디지털 전략으로 맞서야 (종합)]",https://n.news.naver.com/mnews/article/366/0000690715?sid=004,"[
제9회 조선비즈 유통산업포럼 개최수더 구글 리테일 대표 ""2021년은 디지털 전환의 해""고메스 이케아 이사 ""옴니채널 시대…핵심은 데이터""뉴커머스 시대, 절대 강자 없어...디지털로 고객 잡아야생존 위해 개인 맞춤형 라스트마일 혁신 필요 더 성장할 '라방'...판매자-구매자 신뢰 구축 중요  



25일 '2021 유통산업포럼'에서 토론을 나누는 참석자들. 왼쪽부터 장유성 SSG닷컴 데이터인프라본부장, 유정범 메쉬코리아 대표, 정연승 한국유통학회장, 박세호 롯데마트 DT전략부문 상무, 박용후 PYH 대표./조선비즈조선미디어그룹의 경제전문매체 조선비즈가 25일 ‘제9회 유통산업포럼’을 개최했다. 올해로 9회째 열린 이번 포럼은 '유통 테크노믹스(Retail Technomics)'를 주제로, 기술이 경제를 이끄는 새로운 경제적 패러다임인 테크노믹스가 유통 산업에 어떤 영향을 미칠지 국내외 전문가들과 진단하고 성장을 모색했다. 이번 행사는 코로나19 확산 방지와 연사 및 참가자의 안전을 위해 유튜브 ‘조선비즈’ 채널에서 비대면으로 진행됐다. 이날 행사에는 약 1273명의 유통업계 관계자들이 사전 등록했다. 조성욱 공정거래위원장은 축사에서 ""유통 테크노믹스는 4차 산업혁명의 신기술을 활용한 유통산업의 현재와 비전을 함께 고민할 수 있는 의미 있는 주제""라며 ""변화의 흐름에 발 빠르게 대응하기 위해 새로운 기술을 도입해 부가가치를 창출하고, 이를 다시 새로운 기술에 투자하는 선순환이 이뤄져야 한다""고 강조했다. 김봉진 우아한형제들 의장(배달의민족 창업자)은 ""전 세계적으로 기술혁신 경쟁과 이로 인한 유통산업의 패러다임 변화가 가속할 것""이라며 ""유통 테크노믹스를 제대로 이해하고 이끌어야 생존할 수 있다""라고 말했다. 



미국 시카고 자택에서 기조 강연한 테드 수더 구글 리테일부문 대표. /조선비즈 유통산업포럼 캡처이날 기조 강연에 나선 해외 전문가들은 코로나바이러스 감염증(코로나19) 사태가 유통산업의 디지털 전환을 앞당겼다며, 코로나 범유행(팬데믹)이 끝나도 이전으로 돌아가긴 어려울 거라고 진단했다. 테드 수더(Ted Souder) 구글 리테일부문 대표는 ""유통 산업의 새로운 황금기가 도래했다""며 올해를 '디지털 전환의 해로 삼아야 한다'고 강조했다. 그는 ""앞으로 비대면 소비가 주를 이룰 것으로 보이는 만큼 IT(정보통신) 기술을 도입하고 고객 데이터를 효과적으로 활용해 맞춤형 커머스를 제공하라""고 제안했다. 스웨덴 이케아 잉카그룹의 카롤리나 가르시아 고메스(Carolina Garcia Gomez) 글로벌디지털전략본부 이사는 ""소비자의 구매 채널이 온·오프라인으로 다변화되는 옴니채널의 시대가 열렸다""며 ""데이터에 기반해 구매 경험 전반에 불편함이 없는 시스템을 구축하고, 미래형 매장을 개발해야 한다""고 했다. 특히 ""인간 중심의 디지털 전환을 통해 고객의 니즈를 만족시키고 투명성을 높여야 한다""고 강조했다. 



스웨덴 말뫼의 이케아 사무실에서 화상 인터뷰에 응한 카롤리나 가르시아 고메스 글로벌디지털전략본부 이사./조선비즈◇ 비대면 소비 지속...데이터로 맞춤형 커머스 제공해야참석자들은 유통업체들이 디지털 전환을 통해 고객 경험을 극대화해야 한다고 입을 모았다. 박기호 LB인베스트먼트 대표는 ""기술의 발전과 코로나19가 유통 산업의 변화를 재촉하면서 ‘뉴커머스(New Commerce)’ 시대가 열렸다""며 ""벤처캐피탈(VC) 시장에서도 중고거래, 온라인 명품, 라이브커머스, 미디어커머스, 인테리어 플랫폼 등 전자상거래 투자를 늘리고 있다""고 설명했다. 박 대표는 10년 만에 기업가치 100조원대 기업으로 성장한 쿠팡의 사례를 들어 ""전자상거래 시장은 대기업이나 기존의 강자가 독식할 수 없는 시장으로, 앞으로도 VC 투자가 확대될 것""이라 전망했다. 



기조 강연자로 나선 박기호 LB인베스트먼트 대표./조선비즈김호민 아마존웹서비스(AWS) 리테일·CPG사업개발부문 담당은 ""비대면 소비가 뉴노멀(새로운 기준)이 된 만큼 물리적 환경에 디지털 경험을 접목해 고객 경험을 확장하는 피지털(physital) 전략이 필요하다""며 ""유통업계는 ‘오프라인, 라스트마일(last mile·최종 배송구간), 고객 데이터’라는 세 가지 관점에서 고객 경험을 극대화해야 한다""고 말했다. 정동섭 딜로이트안진 회계법인 그룹장(유통소비재 산업 리더)은 ""고객은 완벽하게 합리적인 존재가 아니며 행동을 예측하기 어렵다""라며 ""데이터로 디지털 고객을 잡아야 한다""고 강조했다. ◇ 라스트마일 전략, 속도+질적 경험 중요 기조연설에 이어진 첫 세션에서는 '큐커머스(Q-commerce·퀵커머스) 시대, 고객 만족 높이는 라스트마일 전략'을 주제로 토론이 진행됐다. 



특별 강연에 나선 김호민 아마존웹서비스(AMW) 리테일·CPG사업개발부문 담당./조선비즈유정범 메쉬코리아(부릉) 대표이사는 ""코로나19 사태로 배달 수요가 3배 이상 늘어난 가운데, 세분화된 상품을 안전하고 빠른 배송에 대한 고민이 커지고 있다""라며 ""모빌리티(이동수단)와 배송기사라는 '하드웨어'와 이를 운영하는 '소프트웨어'의 결합이라는 어려운 게임을 하고 있다""고 말했다. 박세호 롯데마트 DT(디지털전환)전략부문 상무는 ""과거 정시 배송이 화두였다면, 이제는 30분·1시간 배송에 대한 수요가 늘고 있다""며 ""개인의 라이프스타일에 맞춰 배송 서비스도 개인화되는 추세""라고 설명했다. 이어 ""지금까지 라스트마일이 속도의 경쟁이었다면, 이제는 질적인 경험의 경쟁으로 가야 한다""고 했다. 빠른 배송 실현을 위한 유통업계의 노력도 소개됐다. 장유성 SSG닷컴 데이터·인프라본부장은 ""배송에 문제가 생겼을 때 빠른 조치를 해줘야 하는데, 배달이 많은 저녁과 새벽엔 콜센터를 통한 고객 응대가 어렵다""며 ""이를 보완하기 위해 챗봇(채팅로봇)을 도입했다""고 설명했다. 



기조 강연에 나선 정동섭 딜로이트안진 회계법인 그룹장(유통소비재 산업 리더)./조선비즈박용후 PYH 대표(전 배달의민족 사외이사)는 ""최근 지자체들이 공공배달앱을 내놓고 있지만, 대부분 가격 경쟁력에 집중한 나머지 라스트마일 경쟁력이 뒤쳐진다""며 ""비용을 줄이면서 고객에 빠르게 배송하는 것이 라스트마일의 성공 전략""이라고 강조했다. ◇ 라이브커머스, 판매자-고객 간 '소통'이 성공 열쇠코로나19 여파로 급성장한 미디어커머스에 대한 논의도 이어졌다. ‘미디어 커머스로 성공하기, 유튜브부터 라방까지’ 세션의 발제를 맡은 이승윤 건국대 경영대학 마케팅분과 교수는 ""모든 일상이 디지털화하면서 이머커스가 라이브 방송과 결합한 라이브커머스(라방)로 진화하고 있다""며 ""오늘의 집, 무신사 등 최근 성장하는 커머스 플랫폼은 이커머스에 MZ세대(밀레니얼+Z세대, 1980~2004년생)가 선호하는 콘텐츠(미디어)를 결합한 것이 성공 요인""이라고 짚었다. 



25일 ‘2021 유통산업포럼’에서 유통업계 전문가들이 ‘미디어 커머스로 성공하는 방법’에 대해 논의하고 있다./조선비즈송재훈 네이버 라이브커머스 TF 책임리더는 ""라이브커머스는 누구에게나 열려 있고 콘텐츠의 한계가 없는 시장""이라며 ""현재는 타깃이 MZ세대에 국한됐지만, 점차 전 세대로 확장될 것""이라 예상했다. 한국보다 앞서 라이브커머스가 정착된 중국 시장에 대해 이우주 웨이보빅아이이앤씨 대표는 ""중국은 판매자가 소속된 회사들이 직접 상품기획자(MD)를 채용해 제품을 선정하고 판매하는 구조지만, 한국은 판매할 제품의 브랜드들이 플랫폼과 협의해 판매자를 섭외하는 차이가 있다""고 설명했다. 최인석 레페리 대표이사는 ""인플루언서 시장이 디지털에 익숙한 젊은 세대의 관심을 기반으로 지속해서 성장할 것""이라며 ""인간(판매자) 대 인간(구매자)으로서 소통과 관계성이 성공의 열쇠'라고 짚었다. 유튜브에서 ‘밀라논나’ 채널을 운영하는 패션 유튜버 장명숙씨는 ""유튜브를 통해 젊은 세대의 갈증과 결핍 등에 대해 교감하게 됐다""며 ""나는 제품을 소개할 때 무조건 ‘사라, 입어라’ 말하지 않는다. 구매를 종용하는 문화를 지양하면 커머스 산업이 다양하게 발전할 것""이라고 했다.[김은영 기자 keys@chosunbiz.com] ▶네이버에서 '명품 경제뉴스' 조선비즈를 구독하세요▶""지점 보유 의미 없다""… 부동산 내다 파는 은행들▶‘푸아그라’ 품귀시킨 조류독감…또 하나의 바이러스 전쟁 	저작권자 ⓒ 조선비즈, 무단 전재 및 재배포 금지
]"
2021-03-10 06:00:34,[‘호실적’ 증권사 주총 관전포인트는...통 큰 배당 주목],https://n.news.naver.com/mnews/article/119/0002474447?sid=101,"[
메리츠증권 배당총액 2226억...전년비 64% 증가삼성·NH증권 고배당 유지...미래에셋 자사주 소각



지난해 국내 증권사 배당금 총액 증가율ⓒ데일리안지난해 ‘동학 개미’ 힘으로 사상 최대 실적을 거둔 증권사들이 현금배당을 늘리고 있다. 개인투자자가 주식시장에 대거 뛰어들면서 작년 시장 거래대금은 평균 약 22조7000억원을 기록했다. 전년 대비 144.6% 증가한 규모다. 이에 따른 수탁수수료 급증으로 실적 개선에 성공한 만큼 증권사들도 정기 주주총회를 앞두고 주주환원에 나서는 모습이다.10일 금융투자업계에 따르면 오는 18일 메리츠증권을 시작으로 증권사들의 정기 주주총회가 줄줄이 시작된다. 이후 삼성증권·대신증권·현대차증권·미래에셋대우·KTB투자증권 등이 이달 주총을 열어 주요 안건을 다룰 예정이다.이날 금융감독원 전자공시시스템에 따르면 메리츠증권은 지난달 1일 보통주 주당 배당금을 320원으로 결정했다고 공시했다. 배당금 총액은 전년 1357억4577만원 대비 64.03% 증가한 2226억7100만원이다. 메리츠증권의 배당총액은 증권사 중 가장 많은 수준이다. 지난해 당기순이익 5651억원을 기록하며 역대 최대치 실적을 기록한 가운데 고배당 정책을 이어가고 있다.NH투자증권은 배당금 총액으로 2106억6088만원을 공시했다. 1년 전 1507억4000만원보다 39.7% 늘어난 규모다. NH투자증권도 지난해 사모펀드 관련 악재를 겪었지만 순이익 기준 사상 최대 실적을 갈아치우면서 고배당 성향을 유지했다.삼성증권의 배당금 총액은 1964억6000만원으로 전년 대비 29.4% 증가했다. 삼성증권은 지난 2017년 당시 주당 배당금이 1000원 수준에 그쳤지만 이후 꾸준히 배당금을 인상하고 있다. 최근 3년 연속 사상 최대 순이익을 경신한 덕분이다.대신증권과 현대차증권도 배당금 총액이 각각 804억3974만원, 237억원으로 전년보다 각각 16.5%, 10.2% 확대됐다. 교보증권의 배당총액은 215억1600만원으로 전년 140억 대비 54% 뛰었다. 1999년 이후 가장 많은 액수로, 교보증권 역시 2017년부터 배당금을 늘리고 있다. 이베스트투자증권의 경우 84.8% 증가한 321억원 규모의 배당총액을 발표했다.유근탁 키움증권 연구원은 “대신·현대차·교보·이베스트투자증권 등 주요 중소형 9개 증권사의 작년 평균 지배주주순이익은 전년 대비 약 54.4% 증가했다”며 “거래대금의 활황과 부동산 시장 호황으로 인한 리테일, 투자금융(IB) 부문 수익 영향”이라고 밝혔다.미래에셋대우의 배당금 총액은 1301억원이다. 다만 주당 배당금은 200원으로 전년 대비 60원 감소했다. 대신 미래에셋대우는 823억원 규모의 자사주 1000만주를 소각해 주주환원을 꾀했다. 자사주 소각은 지난해 6월 1300만주(약680억원 규모)에 이어 추가 결정됐다.이와 함께 미래에셋대우는 출범 5년 만에 미래에셋증권으로 사명 변경을 추진한다. 이번 사명 변경 추진은 오는 24일 주총 결의를 통해 확정될 예정이다. 국내 1위 글로벌IB로서 국내외 브랜드의 통일성을 갖춰 브랜드 파워를 강화하겠다는 취지다.미래에셋대우 관계자는 “앞으로도 자사주 매입소각과 배당 등 주주권익보호 활동을 적극적으로 펼쳐 나갈 계획”이라고 말했다.실적과 비교해 증권업의 주가가 여전히 저평가됐다는 점에서 주주친화정책을 내세우고 있다는 의견도 있다.업계 관계자는 “호실적에 비해 주가가 지지부진한 곳들도 있어, 주주들의 불만을 막기 위해 현금배당을 늘린 경향도 있는 것으로 보인다”고 말했다.데일리안 백서원 기자 (sw100@dailian.co.kr)▶ 데일리안 네이버 구독하기▶ 데일리안 만평보기▶ 제보하기ⓒ (주)데일리안 - 무단전재, 변형, 무단배포 금지
		]"
2021-03-13 18:00:35,[만기도래 오피스·호텔·리조트 투자 '시한폭탄'],https://n.news.naver.com/mnews/article/277/0004864559?sid=101,"[




[이미지출처=연합뉴스][아시아경제 박소연 기자] 코로나19 확산으로 오피스, 호텔·리조트 등 해외 부동산 펀드 수익률 악화가 우려되는 가운데 올해 조단위 부동산 펀드 만기가 도래한다. 만기연장 등 조정이 필요하다는 전문가들의 경고가 잇따르고 있다.13일 금융감독원 해외 부동산 펀드 현황 자료에 따르면 올해 만기가 도래하는 해외부동산 펀드 규모는 약 2조8000억원으로 집계됐다. 이는 국내 기관 및 개인들의 해외 부동산 펀드 총 투자액 51조4000억원 중 5.5% 수준이다.이후 만기도래 금액은 2022년 4조3000억원(8.4%), 2023년 7조8000억원(15.1%), 2024년 8조4000억원(16.4%) 규모로 조사됐다. 2025년 이후 만기도래 금액은 약 26조8000억원(52.1%)이다.문제는 투자금액의 대부분이 코로나19에 취약한 오피스빌딩, 호텔·리조트, 복합단지·리테일 등에 몰려 있다는 점이다. 전체 투자금액을 비중별로 나눠보면 오피스빌딩이 27조4000억원(53.2%)으로 가장 많고, 호텔 리조트가 5조5000억원(10.7%), 복합단지 리테일이 3조7000억원(7.1%) 수준으로 조사됐다.금융투자업계 한 고위관계자는 ""코로나19로 인해 오피스는 물론 호텔, 리조트, 리테일 분야 투자 손실이 엄청날 것""이라며 ""만기 연장 등이 가능하지만 일정 부분은 손실로 털어낼 수밖에 없다""이라고 경고했다.투자형태는 펀드가 직접 부동산을 보유해 운영하는 방식으로 펀드기간 중에는 임대료 수익을 수취하고 만기시 매각을 통해 차익을 실현하는 방식인 임대형이 21조원(40.7%)으로 가장 많은 것으로 집계됐다. 이어 펀드 기간 중 이자수익을 수취하고 대출채권 만기시 원금상환을 받는 구조인 대출형에 총 17조8000억원(34.7%)규모의 투자금이 집행됐다. 대출형 투자 중에서는 중·후순위 비중이 10조8000억원(60.3%)으로 크고, 일부 펀드에서는 이자 연체나 유예 신청이 나타나고 있는 것으로 금융당국은 파악하고 있다.금융감독원 관계자는 ""일부 펀드에서 임대료나 이자 연체 등이 발생하거나 매각 여건 악화로 만기를 연장하는 등 코로나19로 인한 부정적인 영향이 나타나고 있다""며 ""경기 회복이 지연될수록 펀드 수익성이 하락하고 엑시트 리스크가 현실화할 가능성이 크다""고 말했다. 덧붙여 ""특히 대출형 펀드는 중·후순위 비중이 커 신용위험 우려도 있다""고 경고했다.투자 지역은 미국이 21조7000억원(42.1%)으로 가장 많고, 유럽 14조1000억원(27.4%), 아시아 3조4000억원(6.7%) 수준으로 나타났다.한편 글로벌 부동산회사인 콜리어스 인터내셔널(CI) 보고서에 따르면 뉴욕 부동산 시장 공실률은 코로나19의 영향으로 9개월 연속 상승했다. 맨해튼 오피스 시장 공실률은 지난 2월 15.5%로 이는 지난 2004년 이후 가장 높은 수치다. 코로나19가 본격 확산되기 전인 지난해 2월 공실률(9.9%) 보다는 약 5.6%포인트(p) 높다.일본 도쿄 도심 5구의 오피스 평균 공실률도 지난 1월 기준 4.82%로 집계됐다. 1년 전 같은 기간과 비교할 때 약 3.29%p 높아진 수치다. 서울 도심의 오피스 공실률은 조사 기관마다 차이가 있지만 대략 10% 내외로 집계되고 있다.박소연 기자 muse@asiae.co.kr▶ 2021년 신축년(辛丑年) 신년운세와 토정비결은?▶ 발 빠른 최신 뉴스, 네이버 메인에서 바로 보기▶ 투자 성공의 핵심은 기업분석! 'CORE' 바로가기&lt;ⓒ경제를 보는 눈, 세계를 보는 창 아시아경제 무단전재 배포금지&gt;
		]"
2021-03-20 20:02:26,"[한신평, 엠캐피탈 신용등급 A- 부여]",https://n.news.naver.com/mnews/article/014/0004604698?sid=101,"[




 [파이낸셜뉴스] 한국신용평가는 엠캐피탈의 무보증사채 신용등급을 A-, 등급전망을 '안정적'으로 평가한다고 20일 밝혔다.   엠캐피탈은 설비금융, 리테일과 기업대출 등을 주요사업으로 영위하고 있는 여신전문금융회사이다. 최대주주는 지분의 97.5%를 보유한 스마트리더스홀딩스이다. 올해 2월에는 사명을 효성캐피탈에서 엠캐피탈로 변경했다. 한신평은 이번 평가에는 계열의 유사시 지원가능성을 반영하지 않았다.   노재웅 연구원은 ""엠캐피탈은 주력 사업부문의 금융수요 위축과 시장 내 경쟁심화로 영업자산 규모가 정체돼 있다""면서도 ""자본규모를 고려했을 때 안정적인 자본적정성 지표를 유지할 전망""이라고 말했다.   한신평에 따르면 엠캐피탈의 설비금융은 전방산업의 불황과 주요 고객인 중소형 업체의 경영환경 저하로 시장이 침체되면서 2013년 1조3300억원에서 2020년 9월 말 기준 8000억원까지 영업자산 규모가 점차 감소됐다.   노 연구원은 ""회사는 기업금융과 리테일금융을 확대하면서 다각화된 포트폴리오 구축을 통해 장기화된 업황 및 심화된 경쟁환경에 대응하고 있으나 영업자산 규모가 정체돼 있는 등 사업안정성 개선세가 미진하다""고 진단했다.   또 ""코로나19 장기화로 인해 상대적으로 차주의 신용도가 열위한 설비금융, 리태일금융과 경기에 민감한 부동산PF를 중심으로 자산건전성 지표의 저하 가능성이 증대됐다""고 덧붙였다.   그러면서 그는 ""다만 주주사로부터 유상증자 등의 재무적 지원이 없었으나 2조3000억원 규모에서 자산의 변동이 크지 않아 자본적정성은 양호하다""고 평가했다.   그는 ""엠캐피탈은 2018년, 2019년 연속 각각 135억원, 270억원의 결산배당을 지급했지만 자본규모를 고려했을 때 영향은 제한적""이라면서 ""안정적인 자본적정성 지표를 유지할 것""이라고 전망했다.   엠캐피탈은 지난해 재무구조 개선과 경영상 목적달성에 필요한 자금의 조달을 위해 유상증자를 결정한 바 있다. 지난해 12월 18일에 제3자배정 유상증자 748억원이 납입됐다. 제3자배정 대상자는 에스티리더스PE이다.   노 연구원은 ""이번 유상증자 결정에 따라 회사의 자본적정성은 개선됐지만 늘어난 자본을 활용한 실제 영업기반 확대 및 이익창출능력 개선여부가 더 중요하다""고 강조했다.    khj91@fnnews.com 김현정 기자   ▶ 헉! 소리나는 스!토리 뉴스 [헉스]▶ '아는 척'하고 싶은 당신을 위한 [두유노우]▶ 날로먹고 구워먹는 금융이슈 [파인애플]  ※ 저작권자 ⓒ 파이낸셜뉴스. 무단 전재-재배포 금지
		]"
2021-03-11 06:00:00,"[쿠팡이 불 붙인 물류리츠, 새 투자처로 떠올랐다]",https://n.news.naver.com/mnews/article/008/0004555320?sid=101,"[
			[머니투데이 구경민 기자, 김소연 기자] [[e커머스 시대..물류센터 투자에 꽂혔다] ①]



코로나19(COVID-19)로 e커머스(전자상거래) 사업이 급성장하면서 유통 물류센터 투자와 관련된 리츠(RIETs·부동산투자전문회사)에 대한 관심이 뜨겁다.특히 코로나19 백신 접종 확산으로 경제 회복이 점쳐지면서 물류센터 임대료 상승과 높은 배당수익률로 물류 리츠에 대한 기대감도 커지고 있다.리츠의 주요 수입원은 임대료 수익인데, 코로나19 직격탄을 맞은 백화점·호텔 및 오피스 투자 리츠는 임대료를 받기 어려웠다. 반면 물류 수요가 늘면서 물류리츠는 안정적인 수익을 냈다. IB(투자은행) 업계 관계자는 ""리테일과 오피스에 투자한 리츠는 배당금을 지급하지 못한 곳도 있다""면서 ""소비자의 소비패턴 변화로 물류 리츠는 수요가 지속적으로 늘고 있고 외형도 성장해 안정적으로 배당을 했다""고 설명했다.특히 쿠팡의 미국 증시 상장 소식에 물류리츠가 주목받고 있다. 물류센터는 그동안 투자 규모가 크고 진입 장벽이 높아 기관투자가들 영역이었다. 실제 국내 물류센터 중 70% 이상이 해외 기관투자가 위주로 거래됐다. 하지만 지난해 말 ESR켄달스퀘어가 한국에선 처음으로 물류센터를 자산으로 하는 리츠를 코스피에 상장시키면서 개인들도 물류자산에 투자할 수 있는 길이 열렸다.현재 주식시장에는 13개의 리츠가 있는데 이 중 ESR켄달스퀘어의 수익률이 가장 높다. 절반이 넘는 7개 리츠는 주가가 공모가를 하회할 만큼 부진하다.지난해 12월23일 상장한 ESR켄달스퀘어리츠는 상장이후 주가가 15.7% 상승했다. 쿠팡의 미국 증시 상장 소식이 알려진 지난달 15일에는 6300원으로 최고가를 기록했다. ESR 켄달스퀘어리츠의 기초자산은 총 11개의 물류센터로 고양시, 용인, 부천 등 주로 수도권에 집중돼 있으며 마켓컬리와 쿠팡 등 e커머스 기업이 주요 임차인이다. 특히 임대면적 절반을 쿠팡이 임차하고 있다고 알려지면서 쿠팡의 수혜주로 떠올랐다.물류센터가 새로운 투자처로 떠오르면서 국내 주요 리츠들이 최근 물류센터를 자산에 적극 편입하고 있다. 증시 호황기에 배당주 성격의 리츠가 장기간 외면받자 인기 대체투자 자산인 물류센터를 앞세워 투자자들의 관심을 끌겠단 전략이다.금융투자업계에 따르면 이지스밸류플러스리츠는 경기 여주에 있는 물류센터를 새로운 자산으로 편입할 계획이다. 이지스밸류리츠가 편입할 여주 물류센터도 쿠팡이 전량 사용 중이다. 국토교통부 심사가 마무리되면 이 리츠는 기존 자산인 서울 태평로빌딩과 함께 물류센터도 확보하게 된다.롯데리츠도 이달 추가로 편입할 자산 목록에 롯데글로벌로지스가 보유한 김포 물류센터를 포함시켰다. 오는 16일 유상증자로 3475억원을 확보해 해당 물류센터와 롯데백화점·롯데마트·롯데아울렛 등 여러 유통매장을 살 예정이다.



기업공개(IPO)를 준비하는 리츠도 물류센터에 집중하고 있다. NH리츠운용은 상장을 추진 중인 NH올원리츠에 이천 도지물류센터를 지난해 말 새 자산으로 편입했다. 이로써 사무용빌딩인 성남 분당스퀘어와 서울·수원 엠디엠타워로 구성됐던 자산 목록이 더욱 다양해졌다. 당초 1000억원 수준으로 예상됐던 공모 규모도 한층 커질 것이란 전망이다. NH리츠운용은 빠르면 상반기 중 NH올원리츠을 상장할 계획이다.SK디앤디도 지난해 서울 사무용빌딩인 영시티빌딩을 담고 있던 디앤디플랫폼리츠에 물류센터를 추가했다. NH투자증권이 보유한 일본 아마존 물류센터 수익증권을 매입해 자산 규모를 키웠다. SK디앤디는 올 상반기 디앤디플랫폼리츠 상장을 목표로 하고 있다. 상장 이후에도 개발 중인 물류센터를 해당 리츠에 추가로 편입하는 것을 검토 중이다.증권사와 자산운용사 등 국내 금융투자사들의 물류센터 투자가 활발히 일어나고 있다. 일반 투자자들은 쿠팡 뉴욕 증시 상장을 계기로 최근에야 주목한 시장이지만 기관이나 큰 손 투자자들은 일찌감치 물류센터를 유망 투자처로 찜했다. e커머스(전자상거래시장이 빠르게 성장할 수록 물류센터 확보전이 치열해진다는 것을 알아본 것이다.최근 들어선 쿠팡, SSG닷컴 등 직접 배송하는 업체들이 늘어나면서 스마트 물류센터 투자가 각광받고 있다.이커머스 업체들이 제살깎기 수준의 최저가 경쟁을 내려놓고 배송 차별화 전략을 앞세우면서 물류 패러다임이 제3자 물류에서 직접물류, 혹은 4자물류(포괄물류서비스)로 변화하고 있기 때문이다.과거 이머커스들은 비용 절감을 위해 CJ대한통운 등 전문물류업체에 물류를 위탁하는 제3자물류를 택했다. 그러나 쿠팡 로켓배송, 마켓컬리 새벽배송 등 배송서비스 차별화가 곧 경쟁력이 되면서 직접물류나, 전문가가 서비스까지 책임지는 4자물류를 선택하는 곳들이 늘었다. 물류센터의 역할도 물건을 적재했다 운반하는 단순 기착지에서 종합물류 서비스센터로 진화하고 있다.물류창고는 많지만 스마트 물류센터는 아직 부족해 투자가 유망하다는 것이 증권업계 전문가들의 이야기다.이정민 한국투자증권 대체투자본부장은 ""비대면 문화의 편리함을 경험한 사람들이 과거로 돌아갈 순 없고, 편리함을 지속해서 안겨주려면 물류도 발전할 수 밖에 없다""며 ""물류센터 공급 과잉을 우려하는 이들이 있는데, 단순 물류창고가 아닌 첨단 시스템을 갖춘 물류센터는 아직도 부족하다""고 지적했다.구경민 기자 kmkoo@mt.co.kr, 김소연 기자 nicksy@▶부동산 투자는 [부릿지]▶조 변호사의 가정상담소▶줄리아 투자노트 &lt;저작권자 ⓒ '돈이 보이는 리얼타임 뉴스' 머니투데이, 무단전재 및 재배포 금지&gt;
		]"
2021-03-18 11:50:19,[모빌리티·블록체인·수소…재계 3·4세 스타트업 투자 주목],https://n.news.naver.com/mnews/article/277/0004867796?sid=101,"[
코로나19 이후 경영환경 급변조현민 한진 부사장, 싱가포르 언택트 스타트업에 개인 투자허태홍 GS퓨처스 대표, 모빌리티·수소 분야 투자 검토김동원 한화생명 전무, 블록체인 스타트업에 관심



[아시아경제 황윤주 기자] 30~40대 재계 3~4세들이 스타트업 투자로 눈을 돌리고 있다. 코로나19 이후 급변하는 경영 환경에서 살아남기 위한 복안으로 스타트업과 손을 잡는 것으로 풀이된다. 젊은 오너 일가의 투자 성향이 부동산 위주에서 스타트업 투자로 달라지고 있다는 분석도 나온다.18일 재계에 따르면 조현민 한진 부사장은 최근 개인적으로 싱가포르 스타트업에 투자했다. 집에서 라이브 화상 통화를 통해 국내외 여행을 하고 박람회 등에 참석할 수 있는 온라인 투어를 개발하는 곳이다. 현재 네덜란드(암스테르담), 이탈리아(베니스), 헝가리(부다페스트), 남아프리카(케이프타운), 이스라엘(예루살렘), 일본(홋카이도), 대만(타이베이), 미얀마(양곤), 한국(서울) 투어를 이용할 수 있다. 투자은행(IB)업계 관계자는 ""조 부사장은 한진그룹의 주력 사업과 시너지를 낼 수 있는 온라인 여행, 물류 분야에 관심이 많다""며 ""코로나19로 해외 여행이 여의치 않게 되면서 비대면(언택트) 여행과 박람회 수요를 선점하기 위한 것""이라고 말했다.GS퓨처스를 이끄는 허태홍 대표도 최근 동문인 스탠퍼드 출신의 벤처투자자 3명을 한 번에 영입한 뒤 모빌리티, 수소 분야의 스타트업 투자를 검토 중인 것으로 전해졌다. 모빌리티와 수소는 그룹의 주력 계열사인 GS칼텍스(주유소)와 GS리테일(편의점)을 통해 시너지를 낼 수 있는 분야다.한화그룹 3세들은 스타트업 투자에 더 적극적이다. 김승연 회장의 차남인 김동원 한화생명 전무는 블록체인 스타트업에 주목하는 것으로 알려졌다. 블록체인을 활용해 업무효율화, 해외결제 등 기존 영역을 확장하고 신사업도 키울 수 있다는 판단에서다. 장남인 김동관 한화솔루션 대표도 지난해 에너지 관리 시스템(EMS) 개발 및 판매 업체인 젤리의 지분을 100% 인수한 바 있다.30~40대 젊은 오너 일가가 스타트업에 관심을 갖는 이유는 크게 두 가지다. 우선 아버지 세대와 달라진 경영 환경 탓이 크다. 코로나19 이후 언택트 경제에 가속도가 붙으며 여행, 은행 업무 등 기존 사업의 판이 흔들리고 있다. 게다가 탈(脫) 탄소 등 환경 규제와 윤리적 소비가 강화되면서 친환경 분야(모빌리티·태양광·수소)로 눈을 돌릴 수밖에 없다는 것이다.현금을 확보하기 위한 투자처로 스타트업에 주목한다는 분석도 있다. 성장 가능성이 높은 스타트업에 투자할 경우 최고 몇천 배 이상의 수익률을 거둘 수 있고 사업 시너지도 노릴 수 있다.재계 관계자는 ""전통 산업을 물려받은 오너 3~4세들은 아버지가 이룬 회사를 망치면 안 된다는 부담을 갖고 있다""며 ""스타트업과 협업 등을 통해 주력 사업 경쟁력을 강화하고 글로벌시장으로 영역을 확장하려는 것""이라고 설명했다.황윤주 기자 hyj@asiae.co.kr▶ 2021년 신축년(辛丑年) 신년운세와 토정비결은?▶ 발 빠른 최신 뉴스, 네이버 메인에서 바로 보기▶ 투자 성공의 핵심은 기업분석! 'CORE' 바로가기&lt;ⓒ경제를 보는 눈, 세계를 보는 창 아시아경제 무단전재 배포금지&gt;
		]"
2021-03-13 09:00:00,"[""물류센터 잡아라"" 전세계가 물류리츠에 열광하는 이유는]",https://n.news.naver.com/mnews/article/008/0004556638?sid=101,"[
			[머니투데이 구경민 기자, 정인지 기자, 김소연 기자, 정혜윤 기자] 



쿠팡 경영진이 11일(현지시간) 뉴욕증권거래소에서 상장기념 ‘오프닝 벨’을 울렸다. 이날 행사에는 고객과 배송직원, 오픈마켓 셀러 등도 온라인으로 함께 했다. 무대 위에는 김현명 쿠팡 IR 팀장, 강한승 쿠팡 대표이사, 김범석 쿠팡 이사회 의장, 박대준 쿠팡 대표이사, 존 터틀 NYSE 부회장, 거라브 아난드 쿠팡 CFO가 서 있다.(사진 왼쪽부터)  2021.03.11 / 사진제공=쿠팡코로나19(COVID-19)로 e커머스(전자상거래) 사업이 급성장하면서 유통 물류센터 투자와 관련된 리츠(RIETs·부동산투자전문회사)에 대한 관심이 뜨겁다.특히 코로나19 백신 접종 확산으로 경제 회복이 점쳐지면서 물류센터 임대료 상승과 높은 배당수익률로 물류 리츠에 대한 기대감도 커지고 있다.━e커머스 시대..물류센터 투자에 꽂혔다━리츠의 주요 수입원은 임대료 수익인데, 코로나19 직격탄을 맞은 백화점·호텔 및 오피스 투자 리츠는 임대료를 받기 어려웠다. 반면 물류 수요가 늘면서 물류리츠는 안정적인 수익을 냈다. IB(투자은행) 업계 관계자는 ""리테일과 오피스에 투자한 리츠는 배당금을 지급하지 못한 곳도 있다""면서 ""소비자의 소비패턴 변화로 물류 리츠는 수요가 지속적으로 늘고 있고 외형도 성장해 안정적으로 배당을 했다""고 설명했다.특히 쿠팡의 미국 증시 상장 소식에 물류리츠가 주목받고 있다. 물류센터는 그동안 투자 규모가 크고 진입 장벽이 높아 기관투자가들 영역이었다. 실제 국내 물류센터 중 70% 이상이 해외 기관투자가 위주로 거래됐다. 하지만 지난해 말 ESR켄달스퀘어가 한국에선 처음으로 물류센터를 자산으로 하는 리츠를 코스피에 상장시키면서 개인들도 물류자산에 투자할 수 있는 길이 열렸다.현재 주식시장에는 13개의 리츠가 있는데 이 중 ESR켄달스퀘어의 수익률이 가장 높다. 절반이 넘는 7개 리츠는 주가가 공모가를 하회할 만큼 부진하다.지난해 12월23일 상장한 ESR켄달스퀘어리츠는 상장이후 주가가 15.7% 상승했다. 쿠팡의 미국 증시 상장 소식이 알려진 지난달 15일에는 6300원으로 최고가를 기록했다. ESR 켄달스퀘어리츠의 기초자산은 총 11개의 물류센터로 고양시, 용인, 부천 등 주로 수도권에 집중돼 있으며 마켓컬리와 쿠팡 등 e커머스 기업이 주요 임차인이다. 특히 임대면적 절반을 쿠팡이 임차하고 있다고 알려지면서 쿠팡의 수혜주로 떠올랐다.물류센터가 새로운 투자처로 떠오르면서 국내 주요 리츠들이 최근 물류센터를 자산에 적극 편입하고 있다. 증시 호황기에 배당주 성격의 리츠가 장기간 외면받자 인기 대체투자 자산인 물류센터를 앞세워 투자자들의 관심을 끌겠단 전략이다.



금융투자업계에 따르면 이지스밸류플러스리츠는 경기 여주에 있는 물류센터를 새로운 자산으로 편입할 계획이다. 이지스밸류리츠가 편입할 여주 물류센터도 쿠팡이 전량 사용 중이다. 국토교통부 심사가 마무리되면 이 리츠는 기존 자산인 서울 태평로빌딩과 함께 물류센터도 확보하게 된다.롯데리츠도 이달 추가로 편입할 자산 목록에 롯데글로벌로지스가 보유한 김포 물류센터를 포함시켰다. 오는 16일 유상증자로 3475억원을 확보해 해당 물류센터와 롯데백화점·롯데마트·롯데아울렛 등 여러 유통매장을 살 예정이다.



기업공개(IPO)를 준비하는 리츠도 물류센터에 집중하고 있다. NH리츠운용은 상장을 추진 중인 NH올원리츠에 이천 도지물류센터를 지난해 말 새 자산으로 편입했다. 이로써 사무용빌딩인 성남 분당스퀘어와 서울·수원 엠디엠타워로 구성됐던 자산 목록이 더욱 다양해졌다. 당초 1000억원 수준으로 예상됐던 공모 규모도 한층 커질 것이란 전망이다. NH리츠운용은 빠르면 상반기 중 NH올원리츠을 상장할 계획이다.SK디앤디도 지난해 서울 사무용빌딩인 영시티빌딩을 담고 있던 디앤디플랫폼리츠에 물류센터를 추가했다. NH투자증권이 보유한 일본 아마존 물류센터 수익증권을 매입해 자산 규모를 키웠다. SK디앤디는 올 상반기 디앤디플랫폼리츠 상장을 목표로 하고 있다. 상장 이후에도 개발 중인 물류센터를 해당 리츠에 추가로 편입하는 것을 검토 중이다.증권사와 자산운용사 등 국내 금융투자사들의 물류센터 투자가 활발히 일어나고 있다. 일반 투자자들은 쿠팡 뉴욕 증시 상장을 계기로 최근에야 주목한 시장이지만 기관이나 큰 손 투자자들은 일찌감치 물류센터를 유망 투자처로 찜했다. e커머스(전자상거래시장이 빠르게 성장할 수록 물류센터 확보전이 치열해진다는 것을 알아본 것이다.최근 들어선 쿠팡, SSG닷컴 등 직접 배송하는 업체들이 늘어나면서 스마트 물류센터 투자가 각광받고 있다.이커머스 업체들이 제살깎기 수준의 최저가 경쟁을 내려놓고 배송 차별화 전략을 앞세우면서 물류 패러다임이 제3자 물류에서 직접물류, 혹은 4자물류(포괄물류서비스)로 변화하고 있기 때문이다.과거 이머커스들은 비용 절감을 위해 CJ대한통운 등 전문물류업체에 물류를 위탁하는 제3자물류를 택했다. 그러나 쿠팡 로켓배송, 마켓컬리 새벽배송 등 배송서비스 차별화가 곧 경쟁력이 되면서 직접물류나, 전문가가 서비스까지 책임지는 4자물류를 선택하는 곳들이 늘었다. 물류센터의 역할도 물건을 적재했다 운반하는 단순 기착지에서 종합물류 서비스센터로 진화하고 있다.물류창고는 많지만 스마트 물류센터는 아직 부족해 투자가 유망하다는 것이 증권업계 전문가들의 이야기다.이정민 한국투자증권 대체투자본부장은 ""비대면 문화의 편리함을 경험한 사람들이 과거로 돌아갈 순 없고, 편리함을 지속해서 안겨주려면 물류도 발전할 수 밖에 없다""며 ""물류센터 공급 과잉을 우려하는 이들이 있는데, 단순 물류창고가 아닌 첨단 시스템을 갖춘 물류센터는 아직도 부족하다""고 지적했다.구경민, 김소연 기자━코로나19로 전세계가 물류리츠에 열광━코로나19(COVID-19) 이후 온라인 거래가 급증하면서 전세계 물류 센터 쟁탈전이 치열하다. 물류센터를 빌려주고 임대료를 받아 투자자들에게 배당을 주는 물류 리츠도 덩달아 뛰고 있다. 전자상거래 시장 성장으로 물류센터 수요는 앞으로도 꾸준히 증가할 것이란 전망이다.EPRA(유럽상장부동산협회)에 따르면 지난해 말 기준 전세계 리츠 시장 규모는 미국이 1조2060억달러로 압도적인 1위를 기록하고 있다. 일본(1402억달러), 호주(1074억달러), 싱가포르(752억달러) 등이 뒤를 잇고 있다. 반면 우리나라 리츠 시장은 39억7000만달러에 불과하다.물류리츠 순위도 전체 시장 규모와 비슷하다. 글로벌 산업(물류) 리츠는 미국 13개, 일본 9개, 싱가포르 9개가 상장돼 있다. 우리나라에는 지난해 말 국내 최초로 ESR켄달스퀘어리츠가 상장됐다.물류리츠는 지난해 코로나19 이후 급속도로 중요한 금융상품이 됐다. 지난해 미국에서 전자상거래액은 8611억2000만달러로, 전년 대비 44%가 급증했다. 이는 최근 20년간 가장 빠른 성장세다. 코로나19로 쇼핑센터, 주거 리츠 등은 크게 충격을 받은 반면, 물류리츠들은 물류센터 추가 편입으로 몸집을 더욱 키우고 있다.물류리츠의 투자 성과도 시장 수익률을 이기고 있다. 대신증권에 따르면 미국 물류리츠의 최근 5년간 연 평균 총수익률은 21.5%(주가 18.3%, 배당 3.3%)에 달한다. S&amp;P(스탠다드앤푸어스)500지수의 연 평균 총수익률 15.6%를 웃돌고 있다.일본 물류리츠 상위 4곳의 5년간 연평균 총수익률도 14.7%(주가 12.1%, 배당 2.6%)로 같은 기간 토픽스 지수의 연 평균 총수익률 6.1%을 이겼다. 싱가포르에서도 물류리츠의 5년간 연 평균 총수익률은 15.3%(주가 9.9%, 배당 5.4%)로 스트레이츠타임즈의 총수익률 4.2%를 웃돌았다.세계 1위 물류리츠인 프로로지스의 해미드 모가담 CEO(최고 경영자)는 지난 4분기 실적 발표에서 ""코로나19로 글로벌 공급망이 한계에 도달했다""며 ""전자 상거래 증가와 물류 환경 재구축은 앞으로 수년이 지속될 것""이라고 말했다.프로로직스에 따르면 온라인 판매액이 10억달러가 늘어날 때마다 120만평방피트(약 11만1480제곱미터)의 창고 공간이 필요하다. 전자상거래액이 2024년까지 1조달러 이상으로 증가한다면 20205년까지 약 10억제곱피트(9290만3040제곱미터)가 더 필요하게 된다.다만 주가가 뛰면서 배당수익률은 2~3%로 낮아진 상황이다. 코스피지수의 평균 시가배당률이 2%대라는 점을 감안할 때 배당 매력이 높다고 보긴 어렵다.배상영 대신증권 연구원은 ""지난해 물류리츠 주가가 상승했지만 기술주만큼의 프리미엄을 받지는 않았다""며 ""최근 미국 장기물 국채 금리 상승으로 시장이 흔들리고 있지만 기술주 수준의 조정은 없을 것""이라고 말했다.그는 ""금리가 장기간 상승한다면 대출 이자 상승이 우려되겠지만 경기 회복이 동반된다면 실물 경기와 밀접한 리츠들의 회복이 기대된다""고 판단했다.



물류 리츠가 이제 상장되기 시작한 우리나라는 일본과 싱가포르를 참고할 필요가 있다는 주장도 나온다.일본과 싱가포르는 2000년대 들어서야 리츠 시장이 시작됐다. 그럼에도 불구하고 급속하게 리츠 시장이 커질 수 있었던 것은 스폰서드 제도 도입으로 대규모 자금이 유입될 수 있었기 때문이다. 스폰서드 제도란 민간은행이나 정부가 보유 자산을 이양하거나 리츠의 자금 조달과 자산 운용, 시설 관리 등을 전반적으로 지원하는 것을 말한다.특히 물류리츠는 대규모 물류창고에 투자하다보니 필요한 자금 규모가 큰 편이다. 우리나라에서는 ESR켄달스퀘어리츠를 포함해 이제서야 자산규모 1조원대의 리츠들이 등장하고 있다.반면 일본에서는 대형금융그룹인 미쓰이스미토모그룹, 미쓰비시UFJ그룹 등이 리츠의 메인스폰서로 참여하면서 자산 규모를 키우고 있다. 호텔, 유통업체 등도 스폰서로 참여한다. 2012년 아베노믹스 이후에는 일본은행이 증시 부양을 위해 직접 상장 리츠를 매입했고, 2014년부터는 일본공적연금(GPIF)까지 리츠에 투자하는 등 활발한 시장 조성에 나서고 있다.싱가포르는 정부 연계 기관이 스폰서 역할을 하고 있다. 국토 면적이 작고, 싱가포르 토지의 대부분을 정부가 소유하고 있어 싱가포르 리츠들은 해외 자산을 주로 담고 있다.우리나라에서도 대형 기관들이 앵커역할을 하도록 정부가 지원책 마련에 나서고 있지만, 아직까지 기관투자자들은 사모 형태로 투자하고 있는 상황이다.김필규 자본시장연구원 선임연구위원은 ""우리나라 앵커 리츠들은 임대주택 등 정책 목적으로 형성되다 보니 상대적으로 시장성이 떨어진다""며 ""다양한 앵커들이 가지고 있는 자산을 시장에 유동화시킬 수 있도록 해야 한다""고 말했다.정인지 기자━""커피값으로 건물주""…어디 투자해볼까━



리츠(REITs·부동산투자회사)와 부동산펀드는 어떻게 다를까.리츠와 부동산펀드는 모두 기관, 개인 자금을 모아 부동산에 투자하고 수익을 얻는 형태의 금융상품이라는 건 같다. 소액으로 부동산에 투자해 임대수익과 매각 차익에 따른 수익을 얻을 수 있는 것이 장점이다.하지만 세분화해서 보면 차이점이 있다. 먼저 리츠와 부동산펀드는 투자 대상이 다르다. 리츠는 부동산 투자 회사에 투자하는 형태이고, 부동산펀드는 실물 자산에 직접 투자한다.리츠를 운영하는 회사는 총 자산의 70% 이상을 부동산에 투자해야 하고, 이익의 90% 이상을 투자자에게 의무적으로 배당해줘야 한다. 리츠는 주식 시장에 상장돼 있어 주가가 오르면 관련 수익과 배당까지 받을 수 있다. 즉 리츠 투자는 부동산투자회사 지분을 매입해 가치를 공유하는 것이다.반면 부동산펀드는 펀드자산의 50%를 초과해 부동산 관련 실물 자산에 투자하는 상품이다. 투자자가 하나의 조합을 이뤄 오피스나 빌딩을 직접 매입하는 형태다.다음으로 두 상품의 큰 차이점은 유동성(자산을 현금으로 전환하는 정도)이다. 부동산펀드는 아마존 펀드와 같이 3~5년 만기 폐쇄형 상품으로 출시된다. 따라서 청산시점까지 환매가 불가능한 경우도 많고 환매수수료가 10%대 달하는 경우도 있다. 돈이 묶인다는 것.반면 리츠는 주식 시장에 상장돼 사고 파는 게 자유로워, 일반 주식 거래와 마찬가지로 원하는 시점에 매매가 가능하고 환매수수료가 없다.리스크 관리면에 있어서도 다르다. 부동산펀드는 하나의 부동산실물에 투자하는 것인데 반해 리츠는 다양한 자산에 투자한다. 리츠가 여러 부동산에 투자할 수 있어 리스크 관리 차원에서 더 낫다고 보는 경우도 있다.해외와 국내를 대표하는 e커머스 물류센터 리츠와 부동산펀드 예를 들어 비교해볼 수 있다. 미국 아마존 물류센터에 투자하는 미래에셋자산운용의 '미래에셋맵스미국부동산공모펀드16호'와 국내 유일 물류 리츠 'ESR켄달스퀘어리츠'가 있다.아마존 부동산펀드는 아마존이 임대면적 전체를 사용하는 미국 인디애나, 오하이오, 노스캐롤라이나에 위치한 물류센터 세곳이 투자 대상이다. 만기는 설정일로부터 5년 6개월, 중도 환매가 불가한 폐쇄형 구조다. 임대 수익을 통한 배당금은 매년 4월말과 10월말을 기준으로 지급될 예정이다.ESR켄달스퀘어리츠는 국내 부천, 고양, 용인, 이천, 평택, 안성, 김해 등 물류센터 11곳을 자산으로 보유하고 있다. 주요 임차인은 쿠팡을 비롯해 필라, GS리테일, CJ, 동원 등 다양하다. ESR켄달스퀘어리츠는 주식시장에 상장됐고, 1년에 2회 배당금을 지급한다.최근 흐름을 봐도 리츠 성장세가 부동산펀드보다 가파르다. 한국리츠협회에 따르면 지난 1월 말 국내 리츠 운용자산 규모(65조 3289억원)는 전년동월대비 26.06% 증가했다. 부동산펀드(지분총액 약 114조 4000억원) 증가율 11.15% 보다 2배 이상 높다.한국리츠협회 관계자는 ""라임, 옵티머스 사고가 터지면서 펀드에 대한 감독이 강화되다 보니 부동산펀드 증가율도 확실히 예전에 비해 둔화된 측면이 있다""며 ""또 배당에 대한 기대와 세제 혜택이 맞물리면서 투자자들이 안전자산 성격의 리츠로 몰리고 있다""고 설명했다.정부는 임대 건설 촉진을 위해 리츠와 부동산 펀드를 활용하는 민간임대사업자에게 종합부동산세 합산 배제 기준과 재산세 감면 기준을 각각 6억원 이하에서 9억원 이하로 완화해준다. 또 여기에 공모형 리츠 투자자에 대해선 5000만원까지 배당 소득에 분리 과세를 적용했다.정혜윤 기자구경민 기자 kmkoo@mt.co.kr, 정인지 기자 injee@mt.co.kr, 김소연 기자 nicksy@, 정혜윤 기자 hyeyoon12@mt.co.kr▶부동산 투자는 [부릿지]▶조 변호사의 가정상담소▶줄리아 투자노트 &lt;저작권자 ⓒ '돈이 보이는 리얼타임 뉴스' 머니투데이, 무단전재 및 재배포 금지&gt;
		]"
2021-03-31 05:00:59,"[변동장에 부활한 리츠…운용사, 신규 진출·대형화로 경쟁 치열]",https://n.news.naver.com/mnews/article/119/0002480554?sid=101,"[
올해 리츠 자산 61조4000억원…전년 동기比 26% 증가우리자산, 하나대체투자, SK운용 등 AMC 인가 신규 획득기존 상장리츠, 부동산 자산 확대…투자 유인 효과 '쑥'



국내증시가 조정장세에 접어들면서 배당매력을 앞세운 리츠시장이 활황을 맞으면서, 운용사간 경쟁이 치열해지고 있다. ⓒ픽사베이국내증시가 지지부진한 가운데 투자자 관심이 리츠(REITs·부동산투자회사) 시장으로 쏠리고 있다. 기존 리츠 회사들이 부동산 자산을 늘려 수익률을 상향시키고 있어서다. 증권가에서는 자산운용사들이 신규 리츠 인가를 획득하고 공모상품 출시하려는 움직임도 지속해서 감지되는 만큼 각사 간 경쟁을 통한 시장 성장이 가능할 것으로 보고 있다.31일 한국거래소와 리츠정보시스템에 따르면 이달 15일까지 국내에 설정된 리츠 개수는 280개로 집계됐다. 지난해 같은 기간 249개 대비 12.4%(31개) 늘어난 규모다. 같은 기간 리츠 자산총계도 48조6000억원에서 61조4000억원으로 26.3%(12조8000억원) 증가했다.리츠는 소액투자자들로부터 자금을 모아 부동산에 투자한 뒤 발생한 수익을 나눠주는 상품이다. 부동산을 자산으로 삼아 예금, 채권보다 높은 수익률을 올릴 수 있는데다 매년 배당가능이익의 90% 이상을 의무적으로 배당해야 하기 때문에 업계와 투자자들에게 동시에 인기를 끌고 있다.하지만 리츠는 지난해 주식시장이 역대급 활황을 나타내자 위축되는 모습을 보였다. 오피스, 백화점 등 상업용 부동산을 기초자산으로 한 리츠들은 신종 코로나바이러스 감염증(코로나19)으로 높아진 공실률에 손실을 기록하기도 했다. 이처럼 숨죽이고 있던 리츠가 호전된 흐름을 나타낸 건 최근 불안해진 증시 때문이다.미국 국채 상승 우려로 코스피가 주춤하면서 주가수익률이 악화되자 4~8%대 배당수익률을 기록한 리츠로 투자심리가 급격히 쏠리기 시작했다. 이에 이리츠코크렙리츠(10.0%), 신한할파리츠(6.5%), 코람코에너지리츠(4.58%) 등 대부분의 리츠 종목이 최근 한 달간 동반 상승하면서 수익률이 제고됐다.



ⓒ데일리안리츠가 호전되자 신규 운용사들의 시장 진출에도 속도가 붙었다. 지난 29일 우리금융그룹 자회사인 우리자산신탁은 국토교통부로부터 리츠 자산관리회사(AMC) 겸영인가를 취득했다. 우리자산신탁은 대토리츠, 도시정비리츠 등에 특화된 상품을 우선 출시한 후 우리자산운용, 우리종금 등과 함께 공모·상장 리츠 시장에도 뛰어들 예정이다.하나대체투자자산운용은 올 상반기 내로 공모리츠를 출시하기 위해 AMC 본인가 획득에 속도를 내고 있다. SK가 설립한 SK리츠운용 역시 SK서린빌딩을 자산으로 한 리츠 상품을 올해 국내증시에 상장할 계획이다. 이외에 마스턴투자운용, 투게더투자운용 등 신규 사업자들이 인가를 신청하면서 올해 리츠 시장 경쟁은 더욱 치열해질 것으로 전망된다.이미 증시에 상장한 기존 리츠들도 대형화에 나서면서 추가 수익률 제고에 나섰다. 이리츠코크렙리츠는 지난 25일 열린 주주총회에서 이랜드리테일이 운영하는 5개 점포를 담보로 1400억원의 대출을 받기로 결의했다. 이어 삼성증권을 주관사로 선정하고 2800억원 규모 회사채를 발행해 자산을 추가 확대할 예정이다.신한알파리츠는 유상증자를 통해 확보한 125억원의 자금을 이번 달 초 매입한 삼성화재 역삼빌딩 외에 신규 자산을 추가에 투입할 예정이다. 롯데리츠도 3333억원 규모의 유상증자를 단행하면서 롯데백화점 중동, 안산지점과 롯데마트 계양, 춘천지점, 프리미엄 아울렛 이천, 김포 물류센터 등을 추가자산으로 편입했다.배상영 대신증권 연구원은 ""지난해 급격한 상승폭을 보인 기술주가 미국 장기물 국채 금리 상승으로 조정을 받으면서 리츠에 대한 관심이 상대적으로 높아졌다""며 ""최근 리츠들이 확대하고 있는 자산들이 실물 경기와 밀접한 연관이 있는 만큼 경기가 회복된다면 수익률과 투자심리가 동반 상승할 것""이라고 말했다.데일리안 김민석 기자 (kms101@dailian.co.kr)▶ 데일리안 네이버 구독하기▶ 데일리안 만평보기▶ 제보하기ⓒ (주)데일리안 - 무단전재, 변형, 무단배포 금지
		]"
2021-03-25 10:24:40,"[[마켓인사이트]코람코, 케이스퀘어 강남·사당·중계 3개 빌딩, 3개월만에 완판]",https://n.news.naver.com/mnews/article/015/0004519077?sid=101,"[
서울 강남역 역세권  케이스퀘어 강남 등 3개 빌딩 최근 매매 계약 체결직접 시행사 역할 맡아 개발하거나 리모델링 통해 자산 가치 높였던 빌딩들1200억원 투자했던 국민연금·교공, 높은 수익 거둬≪이 기사는 03월22일(03:00) 자본시장의 혜안 ‘마켓인사이트’에 게재된 기사입니다≫코람코자산신탁이 블라인드 펀드를 통해 운용하던 오피스 빌딩 세 채가 매각 절차를 시작한 지 3개월 만에 모두 새 주인을 찾았다. 코람코자산신탁이 직접 개발하거나 대대적인 리모델링 공사로 빌딩 가치를 끌어올렸던 자산들이라 이번 매각으로 큰 폭의 시세차익을 올릴 수 있었다는 게 업계의 평가다. 22일 금융투자업계에 따르면 서울 역삼동 ‘케이스퀘어 강남’ 빌딩을 운용하는 ‘코람코가치부가형리테일제3호 리츠’는 지난 18일 이사회와 주주총회를 열고 케이스퀘어 강남 빌딩의 매매 계약을 승인했다. 다음 달께 소유권 이전이 마무리되면 거래가 최종 마무리된다.  



케이스퀘어 강남 빌딩◆코람코자산신탁이 강남역 역세권에 직접 개발한 빌딩 서울 강남역 역세권에 자리 잡은 지하 5층~지상 13층, 연면적 1만587㎡ 규모인 이 빌딩은 2019년 3월 준공됐다. 공유 오피스 업체인 패스트 파이브와 성형외과 등이 입점해있다. 코람코자산신탁은 2017년 855억원의 사업비를 들여 리츠를 설립한 뒤 시행사 역할을 맡아 직접 토지를 매입하고, 빌딩을 개발했다.  케이스퀘어 강남 빌딩의 매수자는 일반 회사 법인으로 임대 수입 목적으로 빌딩을 매입한 것으로 알려졌다.   케이스퀘어 강남과 함께 시장에 내놨던 다른 두 빌딩도 최근 주인을 찾았다. ‘케이스퀘어 사당’ 빌딩을 운용하는 ‘코람코가치부가형리테일제4호 리츠’도 지난 15일 이사회와 주주총회를 열고 매매 계약을 승인했다.    서울 동작구 동작대로 59에 자리 잡은 이 빌딩은 지하 7층~지상 10층, 연면적 2만1471㎡ 규모 오피스 빌딩이다. 이 빌딩의 매수자는 부동산 디벨로퍼(시행사)로써 자산을 매입한 후 재건축하려는 계획을 갖고 있는 것으로 전해진다.



케이스퀘어 사당 빌딩 ◆밸류애드 전략 통해 수익률 향상 서울 노원구 중계동 학원 밀집지역에 있는 ‘케이스퀘어 중계’ 빌딩은 지난달에 매매 계약을 체결했다. 지하 4층~지상 8층, 연면적 1만70501㎡ 규모 빌딩으로 중소기업인 코켐이 인수했다. 코켐이 제시한 인수가는 710억원가량으로 코람코자산신탁은 이 빌딩의 매각으로 4년 만에 약 240억원이 시세 차익을 거둘 수 있게 됐다. 코람코자산신탁 관계자는 ""이달 매매계약을 체결한 빌딩의 최종 매각 절차는 다음달께 마무리 된다""며 ""아직 잔여 윤용 기간이 남았지만 지금이 매각 적기라고 판단해 매각 절차를 진행했다""고 설명했다.   케이스퀘어 강남‧사당‧중계 3개 빌딩은 모두 직접 개발이나 대대적인 리모델링 공사를 통해 자산 가치 향상을 추구하는 밸류애드(Value-add·가치부가) 운용 전략이 적용된 자산들이다. 케이스퀘어는 이 같은 전략이 적용된 자산들에 붙이는 코람코자산신탁의 자체 브랜드다. ◆2016년 국민연금과 교직원공제회의 1200억원 출자로 투자 최근 매각이 이뤄진 케이스퀘어 강남‧사당‧중계 빌딩과 지난해 7월 유수홀딩스에 1000억원에 매각된 케이스퀘어 신촌(서울 서대문구 창천동) 빌딩의 소유주는 모(母)리츠인 ‘코람코가치부가형리테일제1호 모리츠’다. 각각의 빌딩을 소유한 자(子)리치의 지분을 모리츠가 소유하는 방식이다.    모리츠의 주요 주주는 국민연금과 교직원공제회다. 국민연금이 54.17%, 교직원공제회가 37.5%의 지분을 갖고 있다. 국민연금과 교직원공제회는 함께 1200억원 규모의 블라인드 펀드를 설정한 뒤 이곳에 출자한 자금으로 모리츠에 투자했다.  



케이스퀘어 중계 빌딩 블라인드 펀드란 구체적인 투자 대상을 정하지 않은 채 개괄적인 투자 전략과 투자 대상, 기대 수익률만을 정해놓고 미리 투자금을 모으는 펀드를 말한다. 우량 자산을 발굴하는 즉시 신속하게 투자에 나설 수 있는 게 장점으로 꼽힌다.    ◆높은 매각 수익 올리며 블라인드 펀드 운용 역량 입증 업계에서는 국민연금과 교직원공제회의 출자를 받아 설정한 블라인드 1호 펀드가 이번 청산 과정에서도 좋은 성과를 내면서 앞으로 코람코자산신탁의 블라인드 펀드 분야 사업이 더 탄력을 받을 것으로 예상하고 있다.   코람코자산신탁은 이미 지난해 4월 교직원공제회(2000억원), 행정공제회(800억원), 경찰공제회(400억원), 군인공제회(400억원), 농협중앙회(400억원)의 출자를 받아 4000억원 규모의 블라인드 펀드 3호를 설립하는 등 블라인드 펀드 운용 분야에서 역량과 성과를 쌓아나가고 있다. 지난 2월에는 대한지방행정공제회가 조성한 3000억원 규모 블라인드 펀드의 운용사로도 선정됐다.  금융투자업계 관계자는 “최근 국내 부동산 자산운용업계에서는 블라인드 펀드 방식의 투자의 비중이 점차 높아지고 있다”며 “밸류애드 전략에 특화된 코람코자산신탁의 블라인드 펀드에 대한 업계의 관심이 높다”고 말했다.홍선표 기자 rickey@hankyung.com▶ 경제지 네이버 구독 첫 400만, 한국경제 받아보세요▶ 한경 고품격 뉴스레터, 원클릭으로 구독하세요▶ 한국경제신문과 WSJ, 모바일한경으로 보세요 ⓒ 한국경제 &amp; hankyung.com, 무단전재 및 재배포 금지
		]"
2021-03-03 15:23:34,"[글로벌 물류 리츠, e커머스 수혜 '톡톡'…美 프로로지스 등 유망]",https://n.news.naver.com/mnews/article/015/0004507484?sid=101,"[
작년 3분기 물류 리츠 임대율 96% e커머스 업고 코로나에도 급성장 '쿠팡 리츠' ESR켄달스퀘어리츠저온물류 아메리콜드 관심둘 만



Getty Images Bank전자상거래(e커머스) 시장이 신종 코로나바이러스 감염증(코로나19)을 계기로 빠르게 성장하고 있다. 미국의 아마존, 중국의 알리바바뿐만 아니다. 동남아시아의 씨(SE), 라틴아메리카의 메르카도리브레(MELI)가 각 지역 시가총액 1위로 올라섰다. 쿠팡도 뉴욕거래소 상장을 추진하고 있다.e커머스 시장과 함께 성장할 수밖에 없는 분야가 물류다. 온라인으로 주문받은 물건을 배송하기 위해 곳곳에 물류센터가 필요하기 때문이다. 대신증권은 이런 수혜를 기대할 수 있는 글로벌 물류 리츠(RIETs·부동산투자전문회사)에 대한 투자를 고려해야 한다는 의견을 내놨다. 미국의 프로로지스(PLD), 아메리콜드(COLD) 등을 유망 회사로 꼽았다. ○안정적인 배당에 외형도 성장물류 리츠는 보유한 물류센터를 e커머스 기업에 빌려준다. 임대료는 주주들에게 배당하거나 새로운 물류시설에 투자해 자산을 불리는 구조다. 세계 시장에 상장된 물류 리츠의 시가총액은 2013년까지 500억달러를 밑돌았으나 올해 2000억달러를 넘어섰다. 글로벌 물류 리츠는 미국에 13개, 일본에 9개, 싱가포르에 9개가 상장돼 있다. 한국에도 지난해 처음으로 물류 리츠인 ESR켄달스퀘어리츠가 상장했다.



코로나19 사태로 리츠업계가 고전했지만 물류 리츠는 계속 성장했다. 백화점 및 오피스에 투자하는 리츠는 임대료를 받기 어려웠던 반면 물류 수요는 크게 늘었다. 지난해 3분기 리테일 리츠 임대율은 93.5%까지 떨어졌지만, 물류 리츠 임대율은 95.9%에 달했다. 장승우 대신증권 연구원은 “리테일과 오피스 리츠는 배당금을 지급하지 못하기도 했다”며 “반면 물류 리츠는 수요가 꾸준하고 외형도 성장해 안정적으로 배당을 했다”고 설명했다.주가도 좋았다. 물류 리츠 중 시총이 가장 큰 프로로지스는 지난해 3월 저점보다 58.3% 상승해 코로나 이전 주가를 넘어섰다. 물류 리츠가 코로나 시기에 ‘반짝 성장’에 그치지는 않는다는 전망이다. 장 연구원은 “코로나가 끝나도 온라인 거래는 계속 증가할 것”으로 전망했다. ○저온물류체인부터 ‘쿠팡리츠’까지대신증권은 물류 리츠 중에서도 규모가 크고 부동산 위치가 특정 지역에 편중돼 있지 않은 종목이 안정적이라고 밝혔다. 프로로지스가 대표적이다. 미국 전역과 세계 19개국에 4073개 물류센터를 보유하고 있다. 아마존, DHL, 페덱스 같은 대형 물류회사가 주요 고객이지만 의존도가 높진 않다. 상위 10개 임차인 비중이 13.5%에 그치는 수준이다. 장 연구원은 “올해 주당 AFFO(조정 사업운영수익) 가이던스를 3.88~3.99달러까지 올려 잡았다”고 덧붙였다. 규모 면에서 프로로지스에 이어 2위인 듀크리얼티(DRE)도 미주 전역에 걸쳐 자산을 확보하고 있다.일본 1위 물류 리츠인 닛폰프로로지스(3283 JT)는 현대화 물류센터를 가장 많이 갖추고 있다. 이경자 삼성증권 연구원은 “물류센터 노후화가 심한 일본에서 최신식 물류센터를 보유하고 있기 때문에 다른 기업과 포트폴리오가 차별화된다”고 설명했다.규모가 크지 않아도 사업 모델이 특별하면 수익률이 안정적이다. 미국의 저온물류센터기업 아메리콜드(COLD)는 신선식품을 전문으로 취급한다. 지난해 코로나에도 불구하고 주가 폭락 없이 29~38달러 안에서 움직였다. 크래프트하인즈, 네슬레 등 대형 식품 업체가 주요 임차인이다. 장문준 KB증권 연구원은 “신선식품의 온라인 구매가 뚜렷하게 증가하고 있으나 공급은 제한적”이라며 “저온물류창고 운영 경험이 풍부한 기업이 많지 않아 진입장벽이 높다”고 설명했다.국내에는 ‘쿠팡리츠’로 불리는 ESR켄달스퀘어리츠가 있다. 시총 1000억원 이상 국내 리츠 중 최근 주가 상승률이 가장 높다. 리츠 시장이 아직 코로나19에서 회복하지 못했음에도 올해 들어 14.6% 상승했다. 높은 상승률은 전자상거래 트렌드에 부합하는 포트폴리오 덕분이다. 물류센터 10개를 편입한 순수 물류 리츠로, 배달 문화 혜택을 봤다.최예린 기자 rambutan@hankyung.com▶ 경제지 네이버 구독 첫 400만, 한국경제 받아보세요▶ 한경 고품격 뉴스레터, 원클릭으로 구독하세요▶ 한국경제신문과 WSJ, 모바일한경으로 보세요 ⓒ 한국경제 &amp; hankyung.com, 무단전재 및 재배포 금지
		]"
2021-03-16 17:39:38,"[""24兆 시장 잡아라""… 중고거래 플랫폼 빅4 '손안의 전쟁']",https://n.news.naver.com/mnews/article/014/0004602164?sid=105,"[
당근마켓 커뮤니티 기능 강화중고나라 AI로 안전거래 고도화번개장터 중고폰 거래 사업 속도헬로마켓 CS 중심 전열 재정비 



앱 기반의 '모바일 중고거래 시장'이 가파른 성장세를 타면서 업체들의 경쟁열기도 고조되고 있다. 중고제품에 대한 인식전환과 코로나19 장기화에 따른 비대면거래 증가 등으로 지난해 국내 중고거래시장규모는 사상 첫 20조원을 돌파한데 이어 올해에는 24조원에 이를 전망이다. 시장이 급격히 커지면서 중고거래 플랫폼 빅4 스타트업인 당근마켓, 중고나라, 번개장터, 헬로마켓 등은 전열 재정비로 시장영향력 확대에 나서고 있다.   ■'빅4' 서비스 차별화 가속도   16일 하나은행에 따르면 국내 중고거래 시장은 2008년 4조원에서 지난해 20조원으로 10여 년 만에 5배 성장한 것으로 추산했다. 업계는 올해 20% 이상 더 상장할 것으로 전망했다. 닐슨코리아클릭에 따르면 중고거래 앱을 사용하는 순이용자수(UV)는 지난해 6월 기준 약 1090만명에 이른다. 국내 스마트폰 이용자 4명 중 1명은 중고거래 플랫폼을 이용한다는 의미다.   국내 중고거래 플랫폼 빅4의 월간순이용자수(MAU)는 당근마켓 1450만명, 번개장터 520만명, 헬로마켓 120만명 등이다. 중고나라는 관련 내용을 공개하지 않고 있다.   당근마켓은 이용자 1위를 수성하기 위해 전문판매업자를 차단하면서 지역 커뮤니티 기능을 대폭 강화하고 있다. 최근에는 동네소식·맛집 등 게시판이 운영되는 '동네생활', 소상공인과 주민을 연결하는 '내근처' 서비스를 내놨다. 지난 2월에는 GS리테일과 편의점 마감 할인 정보를 이용자에게 알리는 사업을 위한 업무협약도 맺었다.   중고나라는 인공지능 기반 거래 감시기술 개발 가속화로 신뢰성 향상에 나섰다. 중고나라 관계자는 ""소비자는 중고거래 초기 직거래를 선호하지만 경험에 따라 거래품목이 늘면서 택배거래로 진화한다""며 ""안전거래가 가능하도록 AI기반 거래 감시 기술 개발을 진행 중이다""고 말했다. 중고나라는 2400만명 회원 수를 기반으로 일평균 39만건 상품 등록과 부동산, 자동차까지 거래되는 국내 메머드 업체다. 올해는 안전거래 강화로 이용자 확대에 드라이브를 걸었다. 지난 2월 법무법인 우리와 업무협약을 맺고 중고거래 피해자 대상으로 온라인 법률 지원 서비스를 개시한 것도 같은 맥락이다.   번개장터는 인수합병(M&amp;A)로 사세확장에 나서고 있다. 지난해 10월 스니커즈 커뮤니티 풋셀을 인수한데 이어 이달에는 착한텔레콤 중고폰 사업부문 인수로 중고폰 거래 사업에 속도를 내는 등 가장 공격적인 행보를 보이고 있다. 지난달에는 더 현대 서울에 스니커즈 오프라인 공간 브그즈트 랩을 열어 패션과 리셀(재판매) 등에도 공을 들이고 있다. 번개장터의 이용자는 25세 미만이 40%로 밀레니얼·Z세대(MZ세대)가 절대적인 비중을 차지하고 있다. 이들의 관심분야인 스마트폰, 패션 등의 중고거래 확대에 방점을 찍은 모양새다.   헬로마켓은 직거래를 금지하고 100% 택배거래만 허용하는 곳이다. 택배거래만 이뤄지다보니 구매자가 판매자 중고품을 받고 구매확정을 선택해야 거래가 완료되는 에스크로방식의 안전거래만 진행해 신뢰성을 높였다. 택배비도 중고품 크기 무게와 상관없이 전국 2000원으로 고정했다. 고객관리(CS)도 강점이다. 헬로마켓 관계자는 ""중고거래 CS는 판매자와 구매자가 서로 바뀔 수 있는 구조기 때문에 중요하다. CS팀을 구축하고 강화하고 있다""고 말했다.   ■대규모 투자유치 이어져   중고거래 시장의 고공성장은 모바일로 저렴한 중고품을 쉽게 구입할 수 있게 된 환경변화에 있다. 중고품에 긍정적인 인식변화도 일조했다.   이은희 인하대 소비자학과 교수는 ""중고에 대한 소비자 인식이 변했다. 쇼핑이 늘면서 한정품 등 시장에서 구할 수 없는 상품을 중고거래로 사면서 다양성 추구욕망을 해결한다""며 ""소비자들이 환경·자원순환에 대한 관심이 높아진 영향도 있다. 돈이 없을 때 물건을 파는 새로운 전당포 기능도 한다""고 설명했다.   벤처투자(VC) 업계는 중고거래 시장의 성장성과 관련 스타트업에 주목하고 있다. 중고거래 스타트업에서 유니콘(기업가치 1조원 비상장사)이 나올 것으로 전망하고 있다. 앞으로 다양한 서비스 플랫폼으로 진화할 수 있기 때문이다. 번개장터는 지난해 4월 BRV캐피탈매니지먼트 등으로부터 무려 560억원을 투자 받았다. 당근마켓은 2019년 알토스벤처스 등에게 400억원 투자를 받았다. 중고나라는 총 240억원, 헬로마켓도 총 186억원 규모의 투자를 유치한 바 있다.  ▶ 헉! 소리나는 스!토리 뉴스 [헉스]▶ '아는 척'하고 싶은 당신을 위한 [두유노우]▶ 날로먹고 구워먹는 금융이슈 [파인애플]  ※ 저작권자 ⓒ 파이낸셜뉴스. 무단 전재-재배포 금지
		]"
2021-03-03 00:30:09,[백신 접종 시작에…글로벌 부동산 리츠 반등 할까],https://n.news.naver.com/mnews/article/018/0004865734?sid=101,"[
호텔·쇼핑센터 섹터 중심으로 글로벌 리츠 반등 흐름이지스 글로벌 고배당 리츠, 최근 6개월 수익률 11.46%""배당 상향하는 리츠 늘어나고 있어""[이데일리 이광수 기자] 코로나19 백신 접종이 본격화되면서 그동안 소외됐던 글로벌 부동산 리츠(REITs)에 대한 투자심리가 회복될지 관심이 모인다. 코로나19로 제대로 이익을 내기 어려웠던 리츠들이 백신 접종이 시작되면서 코로나19 이전 수준으로 이익이 회복될 것이라는 기대감이 형성되고 있다. 또 최근 시장금리 상승으로 국내·외 증시가 조정 받는 구간에서는 매수 기회가 될 수 있다는 분석도 나온다. 2일 금융투자업계에 따르면 코로나19 백신 접종 기대감이 리츠 수익률 반등에 영향을 주고 있는 것으로 분석됐다. 작년 말 화이자의 코로나19 백신이 임상에서 긍정적인 결과가 나온 후 약 다섯달간 쇼핑 관련 부동산과 호텔 관련 리츠 섹터에서 50% 이상 수익을 낸 것으로 집계됐다. 이들은 백신 개발 뉴스가 나오기 전에는 오히려 40~50%가량 마이너스(-) 수익을 냈던 섹터다.



[그래픽=이데일리 이미나 기자]운용업계 관계자는 “코로나19 이후 각 국의 재정정책에도 불구하고 리츠는 반등 폭이 크지 못했다”며 “다만 백신 개발로 정상화 기대감이 커지자 하락폭이 큰 섹터를 중심으로 반등한 것”이라고 설명했다. 이는 국내 운용사들의 재간접 리츠 펀드에도 고스란히 반영됐다. 이지스자산운용의 ‘이지스글로벌고배당리츠플러스부동산투자신탁(리츠-재간접형) ClassA’의 경우 최근 6개월동안 11.46%의 수익을 기록한 것으로 나타났다. 이 글로벌 리츠 펀드는 미국과 캐나다 등 선진국에 상장된 리츠 중 고배당 종목을 선별적으로 담는다. 지난달 운용보고서를 보면 코로나19로 인해 큰 피해를 입었던 리테일(쇼핑), 호텔 등의 섹터 종목들도 담겨 있는 것으로 나타났다. 뒤이어 KB자산운용의 ‘KB글로벌코어리츠부동산자투자신탁(재간접형)(H)A’와 한화자산운용의 ‘한화글로벌리츠부동산자투자신탁(리츠-재간접형)(A)’이 각각 10.72%과 9.67%로 뒤를 이었다. 반면 브이아이자산운용의 ‘브이아이글로벌리츠부동산투자신탁[재간접형]A’의 경우 -2%를 기록해 국내 글로벌 재간접 리츠 펀드 중 유일하게 손실을 기록한 것으로 파악됐다. 또 최근 시장 금리 상승으로 주식에 대한 우려가 높아졌지만, 리츠의 경우 우상향 추세를 이어갈 것이라는 게 전문가들의 설명이다. 홍지환 NH투자증권 연구원은 “향후 금리 상승 국면에서 리츠 지수가 조정 받을 수 있지만, 실제 긴축 및 유동성 회수로 이어지지만 않는다면 이는 매수 기회라고 판단한다”며 “코로나19 상황이 개선되면서 중단됐던 배당을 재개하거나 상향하는 리츠가 늘어나고 있다”고 설명했다.이광수 (gs88@edaily.co.kr)▶ #24시간 빠른 #미리보는 뉴스 #eNews+▶ 네이버에서 '이데일리 뉴스'를 만나보세요▶ 빡침해소, 청춘뉘우스 '스냅타임'＜ⓒ종합 경제정보 미디어 이데일리 - 무단전재 &amp; 재배포 금지＞
]"
2021-03-02 09:54:27,[변동성 장세에 견조한 주가·높은 배당률…주목받는 리츠株 [株포트라이트]],https://n.news.naver.com/mnews/article/016/0001800519?sid=101,"[
월간·주간 코스피 지수 대비 상대적 강세5~7%의 안정적 배당 수익 매력경제 정상화 기대…상업용부동산 전망 밝아



롯데리츠가 투자 중인 롯데백화점 강남점의 이미지. [롯데리츠 홈페이지 제공][헤럴드경제 정순식 기자] 코스피가 급등락 장세를 연출하고 있는 가운데, 상대적으로 견조한 주가와 높은 배당을 자랑하는 리츠주들이 주목받고 있다.2일 한국거래소에 따르면 리츠섹터로 분류된 13개 리츠 상장사 가운데 9개 리츠 상장사가 지난 1개월 간 플러스 수익률을 기록한 것으로 나타났다.쿠팡 상장 수혜주로 주목 받은 물류형리츠인 ESR켄달스퀘어리츠의 월간 수익률이 3.4%를 기록했으며, 신한알파리츠도 3%의 월간 상승률을 나타냈다. 같은 기간 코스피 대비 상대 수익률에서도 ESR켄달스퀘어리츠가 6.9%, 신한알파리츠가 6.5%를 기록했다. 이 기간 하락한 리츠주들은 이지스레지던스리츠, 케이탑리츠, 이지스밸류리츠, 롯데리츠 등 4개에 그쳤다.이를 변동성이 정점에 달했던 지난주로 좁혀 봐도 국내 리츠는 0.7% 하락하며, 코스피지수의 하락폭인 (-3.1%)를 2.4%p 상회했다. 이 기간 신한알파리츠(2.1%), 이리츠코크렙(0.4%), 미래에셋맵스리츠(1.8%), 코람코에너지리츠(0.2%) 등은 주가가 오히려 올랐다.리츠주들이 이처럼 변동성 장세 속에서 견조한 주가 흐름을 보이는 데는 투자 부동산에서 안정적으로 발생하는 배당 수익률이 보장되기 때문으로 분석된다.제이알글로벌리츠와 이리츠코크랩의 배당률은 7%에 달하며, 롯데리츠의 배당률도 6.5%를 나타내고 있다. 신한알파리츠와 ESR켄달스퀘어리츠의 배당률도 4%를 훌쩍 넘으며 저금리 시대 안정적 투자처로 주목받고 있다.각각의 결산월을 활용해 매달 안정적인 배당 수익 창출도 가능하다. 현재 ESR켄달스퀘어리츠와 코람코에너지플러스리츠·미래에셋맵스리츠·NH프라임리츠는 매년 5월과 11월 두 번에 걸쳐 결산해 배당한다. 또 제이알글로벌리츠와 이지스레지던스리츠·롯데리츠·이리츠코크렙은 매년 6월 12월 결산한다. 이밖에 이지스밸류리츠는 2월과 8월, 신한알파리츠는 3월과 9월, 모두투어리츠·케이탑리츠·에이리츠는 12월에 결산한다.높은 배당률과 함께 코로나19 백신의 본격 접종에 따른 경제 정상화로 수익형 부동산이 수혜를 입을 것이란 기대감도 리츠주들의 견조한 흐름에 일조하고 있다는 분석이다.이에 지난해 두자릿수를 돌파한 리츠주들의 신규 상장과 증자도 이어질 전망이다. 데이터센터와 물류 등에 특화된 리츠 등의 상장이 예정돼 있다.이지스자산운용은 북미 데이터센터 14곳에 간접 투자하는 이지스하나글로벌 리츠를 준비 중에 있고, 용산 드래곤시티호텔과 인천 스퀘어원 쇼핑몰을 기초자산으로 한 신한서부티엔디리츠도 상장이 예정돼 있다. 디앤디 멀티에셋리츠는 일본 가나가와현의 오다와라 아마존 물류센터를 자산으로 편입한다. 이밖에 롯데리츠는 3475억원 규모 유상증자를 위해 오는 8~9일 주주들을 상대로 청약을 진행할 예정이다. 신주 발행 예정가격은 4895원이다. 롯데리츠는 증자 자금으로 롯데 계열 리테일(소매) 점포를 인수할 계획이다.이경자 삼성증권 연구원은 “과거 경기 사이클별로 리츠 성과를 복기해보면, 일반적으로 경기 회복기 리츠 성과는 타 섹터 대비 좋았다”라며 “팬데믹 기간 하락폭이 컸던 리츠에 대해 관심을 가져야 할 시기”라고 말했다.sun@heraldcorp.com▶환경적 대화기구 '헤럴드에코'▶밀리터리 전문 콘텐츠 ‘헤밀’▶헤럴드경제 네이버 채널 구독- Copyrights ⓒ 헤럴드경제 &amp; heraldbiz.com, 무단 전재 및 재배포 금지 -
		]"
2021-03-07 18:11:51,"[""광명 시흥땅 2월3일까지 사라""…LH 개발정보 올해 초 이미 샜다]",https://n.news.naver.com/mnews/article/009/0004759376?sid=101,"[
LH 개발정보 유출정황김종율 보보스부동산硏 대표""마치 작전주 투자하는 양상""◆ LH직원 투기의혹 조사 ◆  3기 신도시로 지정된 경기 광명시흥지구에서 한국토지주택공사(LH) 직원들이 사전 투기를 했다는 의혹이 제기된 가운데 LH 직원들이 지역 공인중개사무소 등으로 토지 개발 정보를 광범위하게 유출한 정황이 있다는 주장이 나왔다. 아울러 '토지 경매 1타 강사'로 유명세를 탄 LH 직원 오 모씨가 강의 내용을 도용했다는 의혹도 제기됐다.지난 6일 상가·토지 부동산 전문가인 김종율 보보스부동산연구소 대표는 매일경제신문 부동산 전문 유튜브 채널 '매부리TV'와의 인터뷰에서 ""'올해 2월 3일까지 등기를 치는 조건으로 이(광명·시흥 지역) 땅을 사라'고 공인중개사들이 정말 많이 이야기를 전해왔다""며 ""공인중개사나 수강생 등을 통해서 들었을 때만 해도 가담한 LH 직원들이 이렇게 많을 줄은 몰랐다""고 말했다.김 대표는 ""올해 1월부터 '광명·시흥에서 (신도시가 지정될 것이기 때문에) 2월 3일까지 등기를 치는 조건으로 땅을 사야 한다'는 이야기가 일반인에게까지 소문이 나서 '이건 공공연한 비밀이구나' 싶었다""고 했다. 김 대표는 LH 직원들을 통해 개발 정보가 공인중개사 등을 거쳐 수강생 등에게까지 흘러 들어갔을 것으로 추정했다. 그는 ""뉴스를 보니 (예상대로) LH 직원들의 토지 거래가 마치 회사 내부 정보를 이용해서 (주식시장처럼) 임직원이 작전주에 같이 투자한다는 느낌을 받았다""고 설명했다.김 대표는 삼성홈플러스·GS리테일 등 대기업 점포개발본부를 거친 국내 유명 토지·상가 전문가다. 그는 '김종율 보보스부동산연구소 대표'로 왕성한 강의 활동을 하고 있고 유튜브에서는 '옥탑방 보보스'로 활동하며 많은 팬덤을 보유 중이다. 김 대표는 이번에 LH 직원들의 토지 거래를 '투기꾼들이나 하는 방식'이라고 단언했다. 맹지 거래와 대량으로 묘목을 심는 방식이 대표적이다. 그는 ""맹지는 일반적으로 쓰임새가 있는 땅이라고 보지 않기 때문에 일반적인 투자자라면 맹지를 사지 않는다""며 ""이들이 묘목을 대량으로 심은 것도 100% 수용될 것이란 확신을 가지고 영농 보상을 노린 것""이라고 평가했다. 이어 김 대표는 ""(신도시로 지정된다는) 확신이 있지 않고서는 절대 할 수 없는 행동""이라면서 ""토지를 수용하고 신도시를 만드는 LH가 이런 일을 대규모로 집단적으로 벌였다는 게 믿기지 않는다""고 설명했다.또 그는 '토지 경매 1타 강사'로 유명세를 탄 LH 직원 오씨가 본인의 강의를 표절했다고 주장했다. 김 대표는 '표절 강의'로 규정하고 경찰 고발을 검토할 계획이다.유튜브 겸업 논란을 불러일으킨 오씨가 광명·시흥 지역 담당 업무를 맡은 것도 추가 확인됐다. 그는 LH 서울지역본부 의정부사업단 소속으로, LH 홈페이지에는 그가 시흥목감, 시흥능곡, 광명역세권에서 토지 판매 업무를 담당한 것으로 안내돼 있다. 토지 판매 업무는 LH가 조성한 택지를 디벨로퍼 등 민간에 판매하는 역할이다. 오씨가 광명·시흥 지역에서 개인적으로 땅을 매입했는지는 확인되지 않았다.  [이선희 기자 / 유준호 기자]▶ '경제 1위' 매일경제, 네이버에서 구독하세요▶ 이 제품은 '이렇게 만들죠' 영상으로 만나요▶ 부동산의 모든것 '매부리TV'가 펼칩니다[ⓒ 매일경제 &amp; mk.co.kr, 무단전재 및 재배포 금지]
		]"
2021-03-29 10:01:11,[[마켓인사이트]신한알파·이리츠코크렙 등 상장리츠 수천억원대 리파이낸싱 나선다],https://n.news.naver.com/mnews/article/015/0004520784?sid=101,"[
신한알파리츠 다음달 판교 크래프톤타워 담보 대출 리파이낸싱 준비이리츠코크렙 최근 주총에서 신규 담보 대출, 회사채 발행 승인제이알글로벌리츠도 연내 수천억원 규모 대출 조달 계획  ≪이 기사는 03월26일(04:34) 자본시장의 혜안 ‘마켓인사이트’에 게재된 기사입니다≫신한알파리츠, 이리츠코크렙 등 유가증권시장에 상장된 지 3년 가까이 돼가는 ‘선임’ 리츠(REITs·부동산투자회사)들을 중심으로 리파이낸싱(재융자) 움직임이 활발히 일어나고 있다. 상장 당시보다 대출 금리가 낮아진 데다 지난 3, 4년간 부동산 가격이 큰 폭으로 상승하며 대출 한도도 늘어났기 때문이다.  리파이낸싱을 통해 줄어든 이자 부담만큼 배당금을 늘리고, 추가로 조달한 대출금을 신규 자산 확보에 투입하겠다는 게 상장 리츠들의 계획이다.     25일 금융투자업계에 따르면 이리츠코크렙은 최근 주주총회를 열고 신규 담보 대출과 회사채 발행 안건을 승인했다. 이 리츠는 유통업체인 이랜드리테일이 운영하는 5개 점포를 자산으로 삼아 운용되는 리츠다.  



◆이리츠코크렙 전체 2800억원 규모 리파이낸싱 계획 승인, 대출금리 1%P 낮춘다 이리츠코크렙은 담보 대출로 1650억원을 회사채 발행으로 1150억원을 조달해 모두 2800억원의 자금을 마련하겠다는 계획을 세운 것으로 알려졌다. 회사채 발행 주관사로는 삼성증권과 한국투자증권을 선정했다.  신규 대출과 회사채 발행을 통해 마련한 자금으로 기존 대출금을 상환할 경우 리츠가 부담해야 하는 대출 금리는 기존 4% 초반대에서 3% 초반대로 1% 포인트 가량 낮아지게 된다. 이렇게 이자 상환 부담이 줄어들게 되면 배당금을 공모가(5000원) 기준 0.5%~0.7%포인트 가량 올릴 수 있게 된다. 주당 연간 25~35원가량 연간 배당금이 늘어날 것으로 예상된다. 이리츠코크렙 관계자는 “주주총회에서 신규 대출과 회사채 발행 안건이 승인돼 현재 리파이낸싱을 준비하고 있다”며 “대출 금리 인하로 절감되는 비용은 주주들에게 배당금으로 지불할 예정”이라고 설명했다.    



신한알파리츠가 편입한 자산들◆신한알파리츠, 다음달 판교 크래프톤타워 담보 대출 리파이낸싱 2018년 상장 이후 다섯 채의 대형 오피스 빌딩을 추가로 편입하며 자산규모 1조6000억원대의 대형 리츠로 성장한 신한알파리츠는 다음 달 경기 판교 크래프톤타워를 담보로 한 대규모 리파이낸싱에 나설 것으로 전망된다.  판교 크래프톤타워는 신한알파리츠의 첫 번째 자산으로 2018년 상장을 앞두고 인수했다. 다음 달이 되면 크래프톤타워를 담보를 한 기존 대출을 중도해지 수수료 없이 시점이 도래한다. 지난 3년간 판교 지역 프라임급 오피스 빌딩의 시세가 크게 뛰어오른 만큼 더 많은 금액을 더 낮은 금리로 조달할 수 있게 된다. 업계에서는 신한알파리츠가 최소 1000억원가량을 리파이낸싱을 통해 추가로 조달할 것으로 예상하고 있다.  추가 대출금의 상당 부분은 지난해 트윈시티남산 빌딩과 신한 L 타워를 인수하기 위해 연 3.5~4% 금리로 대출받았던 약 1200억원 가량의 후순위 대출을 상환하는 데 쓰일 예정이다.



제이알글로벌리츠가 소유하고 있는 벨기엘 브뤼셀 파이낸스 타워◆제이알글로벌리츠는 연내 3000억원 규모 차입 계획 지난해 상장된 제이알글로벌리츠도 연내에 회사채 발행 등을 통해 약 3000억원 규모의 신규 차입을 준비하고 있는 것으로 알려졌다. 상장 주관사를 맡았던 KB증권과 메리츠증권이 회사채 발행 업무도 담당할 것으로 예상된다. 이렇게 마련한 금액은 국내 대형 오피스 빌딩을 인수해 리츠에 편입하는 데 사용될 전망이다. 금융투자업계에서 상장 리츠들의 리파이낸싱 움직임에 관심이 높은 건 배당가능이익의 대부분을 의무적으로 배당해야 하는 리츠의 특성 때문이다. 부동산투자회사법에 따라 리츠는 해당 회기에 보유하고 있는 배당가능이익의 90% 이상을 주주들에게 배당으로 지급해야 한다. 리츠가 리파이낸싱을 통해 원리금 상환액을 낮출수록 주주들에게 돌아가는 배당금이 곧바로 늘어나는 구조다.  지난해 8월에는 NH프라임리츠가 지분의 일부를 소유하고 있는 케이비강남1호리츠(강남N타워 소유)가 리파이낸싱을 통해 대출 금리를 1%포인트가량 낮추면서 해당 리츠의 주주인 NH프라임리츠에 돌아가는 배당금이 일정 부분 늘어났고, NH프라임리츠 주주들 역시 이로 인한 혜택을 입었다. 한 부동산 자산운용사 대표는 “3년 전에 상장된 리츠들의 경우 지금보다 더 높은 금리를 내고 담보 대출을 받았다”며 “그사이 금리도 많이 떨어졌고, 부동산 가격 상승으로 대출 한도도 상당히 늘어난 만큼 상장 리츠들의 리파이낸싱 움직임은 앞으로도 계속해서 활발히 이어질 것”이라고 설명했다. 홍선표 기자 rickey@hankyung.com▶ 경제지 네이버 구독 첫 400만, 한국경제 받아보세요▶ 한경 고품격 뉴스레터, 원클릭으로 구독하세요▶ 한국경제신문과 WSJ, 모바일한경으로 보세요 ⓒ 한국경제 &amp; hankyung.com, 무단전재 및 재배포 금지
		]"
2021-03-25 06:02:10,[장재훈 JLL 대표 “이커머스와 함께 ‘물류센터시대’ 온다”],https://n.news.naver.com/mnews/article/018/0004884019?sid=101,"[
포스트 코로나 시대의 상업용부동산 전망5만평 이상 초대형 센터 공급 확산 추세“물류자산은 전 세계 비즈니스 핵심 트렌드”[이데일리 정두리 기자] “상업용 부동산시장은 소비 트렌드와 맞물려 물류센터가 주도할 것이다. 앞으로 인천, 김포 등 서울 경기 등 남동부 권역에 현대식 대형 물류센터 개발을 주목할 필요가 있다.” 장재훈 존스랑라살(JLL) 코리아 대표는 23일 서울 여의도 IFC빌딩에 있는 JLL코리아 본사에서 진행한 이데일리와의 인터뷰에서 포스트 코로나 시대의 상업용 부동산 시장 전망에 대해 이같이 밝혔다. 



[이데일리 노진환 기자] 장재훈 JLL 코리아 대표가 23일 JLL코리아 본사에서 이데일리와 인터뷰를 하고 있다.JLL은 전 세계 80여개국에 지사를 둔 글로벌 종합 부동산 서비스 회사다. JLL 코리아는 2000년에 JLL 아시아 태평양 본사의 한국 지사로 설립됐다. 오피스·리테일·물류·중소형 자산 등 다양한 유형의 자산에 대한 종합적인 부동산 투자 및 자산 관리 서비스를 제공하고 있다. 장 대표는 부동산 대체투자 상품으로서 물류센터 투자 선호도가 점점 올라가고 있다고 진단했다. 예기치 못한 코로나19로 인해 광범위하게 퍼진 비대면 소비 확산과 국내 소비자들의 높은 디지털화에 힘입어 이커머스시장이 가속화하고 있는 것도 물류센터 성장의 견인차 역할이 되고 있다는 게 장 대표의 설명이다. 그는 “물류센터는 소비망과 교통망 입지에 따라 수도권, 교외, 지방 광역시로 확대되는 추세”라면서 “기존에는 이천, 용인, 광주 등 남동부 권역에 현대식 대형 센터 비중이 높았으나, 최근에는 고속도로 교통망과 인력수급이 쉬운 서울·경기 주변으로 추가건설이 이뤄지고 있다”고 말했다. 실제 올해 인천, 김포 등  서부 권역에 다수의 물류센터 건설이 예정돼 있다. 항동물류센터, 아레나스 영종항공 물류센터 등 연면적 15만㎡를 우회하는 초대형 센터들이 들어설 예정이다. 이는 향후 항구, 공항과 같은 지리적 이점을 활용해 면세업 등의 새로운 수요를 창출할 전망이다. 장 대표는 대형 물류센터 수요에 이어 도심 내 소규모 물류창고 수요도 점진적으로 증가할 것으로 내다봤다. 그는 “가령 주거 시설이나 상업시설의 유휴 면적을 용도 전환해 유통 거점으로 활용할 수 있다”면서 “이미 아마존 물류센터는 미래의 쇼핑센터로 자리 잡았고, 쿠팡 등 국내 이커머스시장도 이러한 움직임이 포착되고 있다. 물류자산이 비즈니스의 핵심 자산이 되고 있는 것은 전 세계적인 트렌드”라고 강조했다.  국내 오피스 시장은 해외와 달리 견조한 성장 기조를 유지할 것으로 내다봤다. 장 대표는 “지난해 해외에선 오피스 가격이 20~30% 떨어졌지만, 국내는 견조한 흐름이 유지됐다”면서 “이는 임차인 안정성과 임대차 계약 중도 해지가 어려운 국내 시장 구조, 풍부한 유동성 및 해외 투자 위축으로 인한 오피스 투자 활황세가 작용한 것으로 보인다”고 진단했다. 아울러 장 대표는 국내 상업용 부동산시장이 아직 선진국 대비 규모는 작지만 부동산 간접투자를 활성화하겠다는 정부 목표와 유동화 등으로 인해 급성장 기회가 찾아올 것이라고 봤다. 장 대표는 “코로나 이후에는 4차산업혁명에 따른 산업용 부동산시장의 근본적 변화에도 주목할 필요가 있다”면서 “우리가 살아가는 환경, 도시, 주거의 변화에 맞춰 오피스와 물류시장도 재편될 것이다. 이커머스시장 확장과 자율주행에 따른 입지변화가 국내시장에서도 주효하게 작용할 것”이라고 봤다.한편 JLL 글로벌은 격년으로 글로벌 부동산 투명성 지수를 발표하고 있다. 전 세계 99개 국가, 158개 도시의 부동산 투명성 정보를 수집, 분석, 계량화해 정부 및 산업 기관이 자국에서 투명성을 개선하는데 도움을 주고 있다. 지난해 발행된 조사에 의하면 한국의 부동산 투명성은 ‘투명’ 등급은 30위에 해당했다.정두리 (duri22@edaily.co.kr)▶ #24시간 빠른 #미리보는 뉴스 #eNews+▶ 네이버에서 '이데일리 뉴스'를 만나보세요▶ 빡침해소, 청춘뉘우스 '스냅타임'＜ⓒ종합 경제정보 미디어 이데일리 - 무단전재 &amp; 재배포 금지＞
]"
2021-03-17 15:02:37,"[키움증권, 창사 20년 만에 1조 클럽…""亞 최고 금융플랫폼 도약""]",https://n.news.naver.com/mnews/article/015/0004514730?sid=101,"[
Cover Story 16년 연속 국내 증시 점유율 1위개인투자자 증시 대거 유입신규계좌 333만개…389% 폭증작년 순이익 7034억원 '업계 3위'해외 증시 투자자도 급증



허문찬기자 sweat@hankyung.com‘리테일 강자’ 키움증권이 개인투자자들의 증시 유입에 힘입어 지난해 사상 최대 실적을 기록했다. 작년 한 해 7000억원이 넘는 순이익을 내며 미래에셋대우(8183억원), 한국투자증권(7083억원)에 이은 순이익 기준 3위 증권사에 올랐다. 영업이익도 작년보다 두 배 이상 증가한 9690억원을 내 창사 20년 만에 ‘영업이익 1조클럽 진입’을 눈앞에 두고 있다. 키움증권은 국내주식뿐만 아니라 해외주식에서도 시장 점유율을 늘리고, 온라인 자산관리로도 서비스 영역을 넓혀 ‘아시아 대표 금융 플랫폼’으로 성장하겠다는 계획이다. 동학개미 덕에 사상 최대 실적2000년 ‘지점 없는 온라인 증권사’로 출발한 키움증권은 16년 연속 국내 주식시장 점유율 1위를 차지하면서 개인투자자들의 대표 증권사로 자리매김했다. 작년 말 기준 개인투자자 시장 점유율은 30%다.한때 리테일부문 중심의 수익구조에 대한 우려도 존재했지만, 지난해 키움의 호실적은 그간 리테일 부문에서 쌓아온 내공 없이는 불가능했다는 평가다. 코로나19 이후 급격하게 확대된 유동성을 바탕으로 개인투자자들이 증시에 대거 발을 들였다. 작년 한 해 키움에서 새로 개설된 계좌만 333만 개다. 전년(68만 개) 대비 389.6% 폭증했다. 그중 30대 이하가 56.7%를 차지하면서 장기적인 고객을 확보했다는 평가를 받고 있다. 주식 브로커리지(위탁매매)를 통한 순영업수익은 3793억원으로 전년 대비 290.6% 증가했고 리테일부문 전체 순영업수익도 115.8% 늘어난 7206억원을 기록했다.기업금융(IB)·투자운용·홀세일 부문 실적도 고루 개선됐다. IB부문은 코로나19로 영업환경이 악화됐지만 작년보다 34% 증가한 1716억원의 순영업수익을 냈다. 회사채 인수주선, 부동산 금융의 견조한 실적 덕분이었다. 다양한 대체투자 자산을 인수하고 성공적인 자산매각을 통해 IB부문 내에서도 수익 기반을 다변화했다는 게 회사 측 설명이다. 채권발행시장(DCM) 부문은 2018년 리그테이블 10위권 안으로 진입한 뒤 꾸준한 성과를 내고 있다.홀세일 부문은 법인을 상대로 한 주식·채권중개 외에도 장외파생부문의 성과를 바탕으로 순영업수익이 71.5% 증가한 1021억원을 기록했다. 투자운용부문도 86.1% 증가한 1081억원의 순영업수익을 냈다. 위험관리를 위해 중위험·중수익 자산 비중을 확대한 결과다.키움증권의 작년 순이익은 전년 대비 94% 증가한 7034억원이다. 순이익 기준으로 2019년 6위에서 작년에는 메리츠증권, NH투자증권 등을 제치고 3위로 올라섰다. 해외주식 투자열풍 따라 투자자 공략‘삼천피(코스피 3000포인트)’ 시대 개막과 함께 키움증권의 성장은 계속되고 있다. 연초 코스피지수가 3200포인트를 뚫자 키움증권의 국내주식 하루 약정금액은 1월 11일 28조8000억원까지 치솟으며 역대 최고 기록을 갈아치웠다.계좌 개설도 활발하다. 새해 첫 거래일부터 하루평균 약 4만 개 계좌가 새로 개설되더니 8일에는 5만 개를 넘겼다. 하루 약정금액이 최고치를 기록한 11일에는 하루에만 6만4915개 계좌가 새로 생겼다. 이달 들어선 15일까지 키움증권에서 174만 개 계좌가 새로 생겼다. 작년 한 해 동안 개설된 계좌의 절반가량을 두 달반 만에 채운 셈이다.해외투자에 뛰어드는 개인투자자들이 늘면서 해외주식 월 약정금액도 매월 신기록을 세우고 있다. 작년 12월 9조1000억원에서 올 1월 14조1000억원, 지난달에는 16조8000억원을 기록했다. 해외주식 거래 계좌 수도 44만 개에 달한다. 키움증권 해외주식투자 시장 점유율은 24.9%다.투자 열기를 반영해 키움증권은 해외파생상품으로 사업 포트폴리오를 다양화했다. 이달부터는 미국주식 프리마켓 시간을 한국시간 기준 오후 6시로 앞당기면서 투자자들이 오후 6시부터 11시30분까지 5시간반 동안 장전거래를 할 수 있게 했다.해외주식 정보 제공에도 힘쓰고 있다. 지난달부터 업계 최초로 미국 리서치 전문회사 모닝스타의 애널리스트 리포트를 한국어로 번역해 고객들에게 무료로 제공하고 있다. 미국주식 시세도 기존의 15분 지연시세 대신 실시간 제공으로 바꿨다. 미국 나스닥 산하 4개 거래소에서 취합한 실시간 체결정보를 무료로 제공한다. 지난해 10월에는 미국주식 투자정보 제공업체 유에스스탁의 장우석 본부장을 해외주식 홍보대사로 임명해 유튜브에 해외주식 투자전략 관련 영상을 꾸준히 올리고 있다. 온라인 자산관리 플랫폼으로 진화키움증권은 향후 자산관리시장을 적극 공략하겠다는 계획이다. 주식거래 시장이 온라인으로 대거 이동한 것처럼 자산관리 영역에서도 온라인 시대가 올 것이란 판단에서다. 리테일시장 점유율 40%, 자산관리시장 점유율 10% 달성이 목표다. 로보어드바이저를 활용한 자산관리 앱을 상반기 중 선보일 예정이다. 인공지능(AI)을 활용해 고객의 투자 성향을 분석하고 고객의 생애주기에 맞춰 금융자산을 관리해주는 서비스다.이현 키움증권 사장은 “국내 최대 주식 매매 중심 플랫폼 회사에서 아시아 대표 금융투자 플랫폼 회사로 거듭날 것”이라며 “고액자산가들의 전유물로만 취급받는 자산관리 서비스를 대중적인 영역으로 끌어들여 최고의 자산관리 금융회사로 발전시키겠다”고 밝혔다.한경제 기자 hankyung@hankyung.com▶ 경제지 네이버 구독 첫 400만, 한국경제 받아보세요▶ 한경 고품격 뉴스레터, 원클릭으로 구독하세요▶ 한국경제신문과 WSJ, 모바일한경으로 보세요 ⓒ 한국경제 &amp; hankyung.com, 무단전재 및 재배포 금지
		]"
